author,created_utc,id,num_comments,score,subreddit,title,upvote_ratio,url,date
Lom_boh,1601319722.0,j1ieax,7.0,1.0,roma,Emigrare,1.0,https://www.reddit.com/r/roma/comments/j1ieax/emigrare/,2020-09-29 03:02:02
Lom_boh,1601200794.0,j0om62,4.0,1.0,roma,Donare libri del liceo,1.0,https://www.reddit.com/r/roma/comments/j0om62/donare_libri_del_liceo/,2020-09-27 17:59:54
KGI_LoneWolf,1601185900.0,j0lu69,1.0,1.0,roma,"¬°Feliz cumplea√±os a una de las leyendas del club, Francesco Totti!",1.0,https://i.redd.it/14g0blg8qmp51.jpg,2020-09-27 13:51:40
rhubarb_soup,1600687152.0,iwyglp,0.0,1.0,roma,How is the bboy scene in Rome?,1.0,https://www.reddit.com/r/roma/comments/iwyglp/how_is_the_bboy_scene_in_rome/,2020-09-21 19:19:12
Vanni606,1600644204.0,iwos7v,3.0,1.0,roma,Giusto per sapere,1.0,https://www.reddit.com/r/roma/comments/iwos7v/giusto_per_sapere/,2020-09-21 07:23:24
fr33d0f0rm3,1600584531.0,iw8xn4,0.0,1.0,roma,Roma √® *libera* da 150 anni,1.0,http://www.150anni-lanostrastoria.it/index.php/presa-di-roma,2020-09-20 14:48:51
aiengiae,1600535435.0,ivwhv4,5.0,1.0,roma,Basket in citt√†,1.0,https://www.reddit.com/r/roma/comments/ivwhv4/basket_in_citt√†/,2020-09-20 01:10:35
lausbub1705,1600434614.0,iv5sbl,9.0,1.0,roma,Student Looking for flat,1.0,https://www.reddit.com/r/roma/comments/iv5sbl/student_looking_for_flat/,2020-09-18 21:10:14
Elettra-Medea,1600149343.0,it2wrw,0.0,1.0,roma,Villae Film Festival nella bellissima cornice di Villa Adriana a Tivoli dal 16 al 19 settembre,1.0,https://www.turismoroma.it/it/eventi/villae-film-festival-0,2020-09-15 13:55:43
foodstudiesres,1600012639.0,is0rlj,0.0,1.0,roma,"Research Participants wanted! Are you purchasing food and eating the same or differently due to the COVID- 19 pandemic? Your opinion matters! If you wish to participate, please click on the survey:",1.0,https://montclair.co1.qualtrics.com/jfe/form/SV_9Hy7tFC7hLHtkEZ?Q_CHL=social&amp;Q_SocialSource=reddit,2020-09-13 23:57:19
foodstudiesres,1600006904.0,irz3fp,0.0,1.0,roma,"Research Participants wanted! Are you purchasing food and eating the same or differently due to the COVID- 19 pandemic? Your opinion matters! If you wish to participate, please click on the survey:",1.0,https://montclair.co1.qualtrics.com/jfe/form/SV_9Hy7tFC7hLHtkEZ?Q_CHL=social&amp;Q_SocialSource=reddit,2020-09-13 22:21:44
fr33d0f0rm3,1599999185.0,irx6j1,10.0,9.0,roma,Salvini tappezza Roma di cartelloni elettorali. Sar√† una campagna lunga ed estenuante?,0.91,https://www.adnkronos.com/fatti/politica/2020/09/01/roma-salvini-all-attacco-ecco-manifesti-col-suo-volto_HkKnuZ32EII7CNEBp9n7BO.html,2020-09-13 20:13:05
accappatoiviola,1599901246.0,ir99gb,1.0,1.0,roma,Le lingue pi√π parlate al mondo - 1900/2020,1.0,https://youtu.be/kHibFrb5Q0o,2020-09-12 17:00:46
Alessiolo,1599839402.0,iqt3jf,2.0,1.0,roma,"Ho appena traslocato a Ostiense, consigli su posti belli, buoni e tips and tricks generali?",1.0,https://www.reddit.com/r/roma/comments/iqt3jf/ho_appena_traslocato_a_ostiense_consigli_su_posti/,2020-09-11 23:50:02
Elettra-Medea,1599829163.0,iqpyvx,4.0,1.0,roma,Rome Trevi‚Äôs Fountain. Feeling like Anita Ekberg in La Dolce Vita standing alone in front of this monument right after the lock down,1.0,https://v.redd.it/m0h7uabpnim51,2020-09-11 20:59:23
Kustler,1599770926.0,iqbzr0,5.0,1.0,roma,Com'√® Centocelle come quartiere?,1.0,https://www.reddit.com/r/roma/comments/iqbzr0/com√®_centocelle_come_quartiere/,2020-09-11 04:48:46
LukeJuror,1599732657.0,iq0jgr,4.0,1.0,roma,Dove cercare stanze in affitto a Roma?,1.0,https://www.reddit.com/r/roma/comments/iq0jgr/dove_cercare_stanze_in_affitto_a_roma/,2020-09-10 18:10:57
angelofthekale,1599473167.0,io4u0z,2.0,1.0,roma,Cercasi opinioni,1.0,https://www.reddit.com/r/roma/comments/io4u0z/cercasi_opinioni/,2020-09-07 18:06:07
Ciaccia08,1599425727.0,intspq,4.0,1.0,roma,"Alex dice che Tokyo ghoul,sword Art online,Naruto,One piece fanno schifo e sono per bimbi sfigati.",1.0,https://www.reddit.com/r/roma/comments/intspq/alex_dice_che_tokyo_ghoulsword_art/,2020-09-07 04:55:27
indietorino,1599396875.0,inliwn,0.0,1.0,roma,Ciao! Ho fatto una playlist Indie con gli artisti di Roma e dintorni ‚òÄÔ∏è Consigli su chi aggiungere ben accetti!,1.0,https://open.spotify.com/playlist/18vsGzfjI7BsoMhmIbVO0X?si=WK_94DV6TCmI6q_IpRvlqg,2020-09-06 20:54:35
ermalalibali,1599255277.0,imoucr,4.0,1.0,roma,L'alba romana √© solo di noi fotografi! Per altre foto cercatemi sui social!,1.0,https://i.redd.it/501w409i97l51.jpg,2020-09-05 05:34:37
Giovanni_2001,1599054760.0,il76eq,1.0,1.0,roma,Karlo Mangiafesta non esiste ?????,1.0,https://www.reddit.com/gallery/il76eq,2020-09-02 21:52:40
banginpadr,1598903647.0,ik58il,4.0,1.0,roma,ITALIANA DE GUIDA TURISTICA EN ESPANOL,1.0,https://www.youtube.com/watch?v=zzbvtt3_8Cc&amp;feature=share,2020-09-01 03:54:07
aleberardi,1602761844.0,jblvx3,1.0,1.0,roma,www.shoesoffclub.com,1.0,https://www.reddit.com/r/roma/comments/jblvx3/wwwshoesoffclubcom/,2020-10-15 19:37:24
Valentino7171,1602610887.0,jaicru,8.0,1.0,roma,Parcheggiare al Pigneto,1.0,https://www.reddit.com/r/roma/comments/jaicru/parcheggiare_al_pigneto/,2020-10-14 01:41:27
Robespierre1989,1602593410.0,jacq72,10.0,1.0,roma,Consigli per trovare un lavoro a Roma ?,1.0,https://www.reddit.com/r/roma/comments/jacq72/consigli_per_trovare_un_lavoro_a_roma/,2020-10-13 20:50:10
Dluca99,1602569142.0,ja7s0v,0.0,1.0,roma,Raid,1.0,https://www.reddit.com/r/roma/comments/ja7s0v/raid/,2020-10-13 14:05:42
Dluca99,1602514140.0,j9s84k,0.0,1.0,roma,Raid,1.0,https://www.reddit.com/r/roma/comments/j9s84k/raid/,2020-10-12 22:49:00
Dluca99,1602514135.0,j9s82y,0.0,1.0,roma,Raid,1.0,https://www.reddit.com/r/roma/comments/j9s82y/raid/,2020-10-12 22:48:55
Dluca99,1602514130.0,j9s7zy,0.0,1.0,roma,Raid,1.0,https://www.reddit.com/r/roma/comments/j9s7zy/raid/,2020-10-12 22:48:50
alessandrosalve,1602279514.0,j87yib,1.0,1.0,roma,.,1.0,https://i.redd.it/gc8cuu6425s51.jpg,2020-10-10 05:38:34
Fazzy997,1601901162.0,j5ijgx,10.0,1.0,roma,Roma durante il Natale,1.0,https://www.reddit.com/r/roma/comments/j5ijgx/roma_durante_il_natale/,2020-10-05 20:32:42
Daerio2005,1601837200.0,j544ys,0.0,1.0,roma,Raccolta di fontanelle di un estate,1.0,http://www.youtube.com/watch?v=TZ9FQZ_Z7h0,2020-10-05 02:46:40
Irgenas,1601810694.0,j4xfpk,7.0,1.0,roma,Questionario sulla mobilit√†,1.0,https://www.reddit.com/r/roma/comments/j4xfpk/questionario_sulla_mobilit√†/,2020-10-04 19:24:54
Synthzz,1601647231.0,j3uzi3,5.0,1.0,roma,"Coronavirus, a Roma mascherina obbligatoria anche all'aperto: ufficiale l'ordinanza della regione Lazio",1.0,https://www.romatoday.it/attualita/mascherina-obbligatoria-roma.html,2020-10-02 22:00:31
great_adventure_rome,1601647006.0,j3ux42,0.0,1.0,roma,"Hi everyone, I am a US expat living in Italy and I know that this year has been difficult for many American citizens. I want to share my experiences living abroad and what daily life can look like for an American lady living in Europe! ü§ó",1.0,https://www.reddit.com/r/roma/comments/j3ux42/hi_everyone_i_am_a_us_expat_living_in_italy_and_i/,2020-10-02 21:56:46
Remarkable_Mud_5771,1606311502.0,k0sbag,1.0,1.0,roma,nik0timous,1.0,https://www.epicgames.com/fortnite/en-US/news/the-ultimate-fortnite-offer-announcing-fortnite-crew,2020-11-25 21:38:22
AdwNFormal,1606301191.0,k0q01b,0.0,1.0,roma,Cat,1.0,https://i.redd.it/ocmy9fam8d161.jpg,2020-11-25 18:46:31
accappatoiviola,1605614170.0,jvrr0m,0.0,1.0,roma,Covid-19 - % Casi Attivi in Italia per Regione - (Dal 21 marzo al 16 novembre),1.0,https://youtu.be/pVGzNnPeuHk,2020-11-17 19:56:10
mbatzo,1605352634.0,ju0h0m,1.0,1.0,roma,Hmmmmmmm....,1.0,https://www.reddit.com/gallery/ju0h0m,2020-11-14 19:17:14
Ammanisthebest,1605205455.0,jszyn1,0.0,1.0,roma,Does anyone know a guy that can sell me üçÉüåøin Trastevere,1.0,https://www.reddit.com/r/roma/comments/jszyn1/does_anyone_know_a_guy_that_can_sell_me_in/,2020-11-13 02:24:15
mcruby123,1605205361.0,jszxhp,2.0,1.0,roma,Un sushi all you can eat con tanti pezzi vegetariani?!,1.0,https://www.reddit.com/r/roma/comments/jszxhp/un_sushi_all_you_can_eat_con_tanti_pezzi/,2020-11-13 02:22:41
Sheik92,1605199535.0,jsy0bv,2.0,1.0,roma,"Dovrei trovarmi a Roma Luned√¨ tra le 13 e le 18. Io vengo da Torvaianica, e vorrei parcheggiare come faccio sempre a Laurentina per poi prendere la metro. Com'√® la situazione in metropolitana adesso? √à possibile prenderla in sicurezza?",1.0,https://www.reddit.com/r/roma/comments/jsy0bv/dovrei_trovarmi_a_roma_luned√¨_tra_le_13_e_le_18/,2020-11-13 00:45:35
MartinezLeFele,1605177699.0,jssjbt,8.0,1.0,roma,Anyone willing to take out his/Her camera? Reward included!,1.0,https://www.reddit.com/r/roma/comments/jssjbt/anyone_willing_to_take_out_hisher_camera_reward/,2020-11-12 18:41:39
accappatoiviola,1605088920.0,js5ic5,0.0,1.0,roma,Covid-19 - Casi attivi in Italia per Regione - Dal 24 febbraio al 10 novembre,1.0,https://youtu.be/QDWry5RQQW8,2020-11-11 18:02:00
AegisShimon,1609338780.0,kn39ff,9.0,1.0,roma,"Please, I need your help to make this declaration of love!!!!!!",1.0,https://www.reddit.com/r/roma/comments/kn39ff/please_i_need_your_help_to_make_this_declaration/,2020-12-30 22:33:00
franzyqw,1609163871.0,klr0nn,25.0,1.0,roma,"Ciao ragazzi, parchi dove allenarsi?",1.0,https://www.reddit.com/r/roma/comments/klr0nn/ciao_ragazzi_parchi_dove_allenarsi/,2020-12-28 21:57:51
nishant032,1608723839.0,kirlte,4.0,1.0,roma,aneddoti da bar e soggettoni di quartiere,1.0,https://www.reddit.com/r/roma/comments/kirlte/aneddoti_da_bar_e_soggettoni_di_quartiere/,2020-12-23 19:43:59
martin_italia,1608720697.0,kiqzw7,4.0,1.0,roma,Studio Tattoo a Roma,1.0,https://www.reddit.com/r/roma/comments/kiqzw7/studio_tattoo_a_roma/,2020-12-23 18:51:37
Synthzz,1608546297.0,khepq6,12.0,1.0,roma,AO - Thread Settimanale * 21/12/2020 - 27/12/2020,1.0,https://www.reddit.com/r/roma/comments/khepq6/ao_thread_settimanale_21122020_27122020/,2020-12-21 18:24:57
RobertoRota92,1608451944.0,kgqfeg,0.0,1.0,roma,"Pettirosso, un ospite fisso dei nostri balconi",1.0,https://youtu.be/zmAqiIH1NL8,2020-12-20 16:12:24
[deleted],1608451881.0,kgqeyp,0.0,1.0,roma,"Pettirosso, un ospite fisso dei nostri balconi",1.0,https://youtu.be/akjWAosC6i0,2020-12-20 16:11:21
InvisibleJune,1608202515.0,kevdah,13.0,1.0,roma,Fumetterie,1.0,https://www.reddit.com/r/roma/comments/kevdah/fumetterie/,2020-12-17 18:55:15
mattx_official,1607975490.0,kd504n,35.0,1.0,roma,ao,1.0,https://www.reddit.com/r/roma/comments/kd504n/ao/,2020-12-15 03:51:30
YeetyYeetyYeety,1607716172.0,kb9v0d,0.0,1.0,roma,gelem gelem,1.0,https://youtube.com/watch?v=llab7cTl0MY&amp;feature=share,2020-12-12 03:49:32
Alebsr56,1607665021.0,kawqgk,5.0,1.0,roma,Balo,1.0,https://i.redd.it/6s0wk7nzvh461.jpg,2020-12-11 13:37:01
ChemtrailsBro,1607619241.0,kaixx7,0.0,1.0,roma,Monoliths by Round Earth Theory | Free Listening on SoundCloud,1.0,https://soundcloud.com/roundearththeory/monoliths,2020-12-11 00:54:01
ChemtrailsBro,1607536120.0,k9wmsg,0.0,1.0,roma,Monoliths by Round Earth Theory | Free Listening on SoundCloud,1.0,https://soundcloud.com/roundearththeory/monoliths,2020-12-10 01:48:40
Synthzz,1607514811.0,k9qk15,2.0,1.0,roma,"December in Trastevere, Rome",1.0,https://i.redd.it/tpr0et9mj3461.jpg,2020-12-09 19:53:31
domip666,1607464720.0,k9e22m,2.0,1.0,roma,NEGOZIO RETTILI ROMA CENTRO,1.0,https://www.reddit.com/r/roma/comments/k9e22m/negozio_rettili_roma_centro/,2020-12-09 05:58:40
RobertoRota92,1607381966.0,k8rrjc,0.0,1.0,roma,Stormo di Storni a sera,1.0,https://youtu.be/u6a6n4D_H1k,2020-12-08 06:59:26
swaggalikeus4621,1607362364.0,k8l3r5,0.0,1.0,roma,La storia di Leonardo Del Vecchio: da orfano a uomo pi√π ricco d'Italia,1.0,https://youtu.be/ubFdTkhPUMo,2020-12-08 01:32:44
AMarini98,1607336440.0,k8e3mw,5.0,1.0,roma,Posti per studiare/lavorare,1.0,https://www.reddit.com/r/roma/comments/k8e3mw/posti_per_studiarelavorare/,2020-12-07 18:20:40
petrolinivideo,1607277660.0,k7yj3w,0.0,1.0,roma,Il Monumento nazionale a Vittorio Emanuele II,1.0,https://i.redd.it/3v660s42wl361.png,2020-12-07 02:01:00
RobertoRota92,1607247464.0,k7quo2,0.0,1.0,roma,Gulls gather for drinking,1.0,https://youtu.be/J2ilZOycpF8,2020-12-06 17:37:44
Synthzz,1607171109.0,k76lu2,1.0,3.0,roma,"TIL Rome has major struggles with expanding the subway system in the city because diggers keep running into major archaeological finds. The Metro C expansion has been in the works for the past 40 years and has unearthed Hadrian's Athenaeum, a military complex, and an amphitheater .",1.0,https://abcnews.go.com/Travel/archeology-stalls-rome-metro/story?id=8888103,2020-12-05 20:25:09
ChemtrailsBro,1607108208.0,k6r2fo,0.0,1.0,roma,The Forever War by Round Earth Theory,1.0,https://soundcloud.com/roundearththeory/forever-war,2020-12-05 02:56:48
just0810,1611932593.0,l7uo2c,0.0,1.0,roma,my first post !!,1.0,https://www.reddit.com/r/roma/comments/l7uo2c/my_first_post/,2021-01-29 23:03:13
Alter1969,1611894621.0,l7j7g8,1.0,1.0,roma,Librerie,1.0,https://www.reddit.com/r/roma/comments/l7j7g8/librerie/,2021-01-29 12:30:21
clyus22,1611780921.0,l6e6oq,19.0,2.0,roma,"[ita] help (19, M) -scienze politiche alla luiss, roma",1.0,https://www.reddit.com/r/roma/comments/l6e6oq/ita_help_19_m_scienze_politiche_alla_luiss_roma/,2021-01-28 04:55:21
Yoann0,1611607691.0,l4x5m3,0.0,1.0,roma,[OC] EUR - Eni tower over the artificial lake (October 2007),1.0,https://i.redd.it/8prs75fjijd61.jpg,2021-01-26 04:48:11
JohnBaptisteMelis8,1611606547.0,l4wqgp,0.0,1.0,roma,ME BACK IN 2015 AND 2017. FORTUNATELY I‚ÄôM A DIFFERENT PERSON NOWüîùüîõüîúü§ùüíªüì±üí™üëçüáÆüáπüá∫üá∏üá¨üáß.,1.0,https://www.reddit.com/gallery/l4wqgp,2021-01-26 04:29:07
Complete_Flight4574,1611488710.0,l3xzwp,0.0,1.0,roma,"Slittano le date, prenotazione del vaccino anti Covid al via dal 1 febbraio",1.0,https://www.tuacitymag.com/prenotazione-vaccino-anti-covid-over-80-come-fare/,2021-01-24 19:45:10
JohnBaptisteMelis8,1611419219.0,l3f6h1,0.0,1.0,roma,ELIMINATE THE PAST PEOPLE AND YOU WILL LIVE BETTER WITH NO REGRETS.,1.0,https://i.redd.it/efrj54d5z3d61.jpg,2021-01-24 00:26:59
Herdeaalp,1611396303.0,l39j37,0.0,1.0,roma,Roma vs Spezia live,1.0,https://soccermxyeuropeo.blogspot.com/2021/01/roma-vs-spezia-live.html,2021-01-23 18:05:03
liveeventsport,1611088974.0,l0sqxt,0.0,1.0,roma,Watch AS Roma vs Spezia Live Stream,1.0,https://www.reddit.com/r/roma/comments/l0sqxt/watch_as_roma_vs_spezia_live_stream/,2021-01-20 04:42:54
Magnetic_dud,1611075893.0,l0o1ty,2.0,1.0,roma,Oggi c'√® stata una calamit√† naturale?,1.0,https://www.reddit.com/gallery/l0o1ty,2021-01-20 01:04:53
Dhi9999,1611068110.0,l0ldke,0.0,1.0,roma,Inter defeats Juve but not Roma,1.0,https://youtu.be/RH4oTaVrpJA,2021-01-19 22:55:10
Dhi9999,1611067328.0,l0l4j0,0.0,1.0,roma,Inter defeats Juve but not Roma,1.0,https://youtu.be/WMcxwHyZG64,2021-01-19 22:42:08
wu_ming2,1611036204.0,l0domf,4.0,1.0,roma,GRAB,1.0,https://www.reddit.com/r/roma/comments/l0domf/grab/,2021-01-19 14:03:24
Claudium29,1611007414.0,l04zra,2.0,1.0,roma,Test ingegneria Uniroma1 (Sapienza),1.0,https://www.reddit.com/r/roma/comments/l04zra/test_ingegneria_uniroma1_sapienza/,2021-01-19 06:03:34
RobertoRota92,1610873050.0,kz2wq8,0.0,1.0,roma,"Folaghe, una specie per tutte le stagioni",1.0,https://youtu.be/43fHPFvkr1k,2021-01-17 16:44:10
Representative-Tax-3,1610366052.0,kv185e,0.0,1.0,roma,A Tactical and Statisitcal Analysis of Roma 2-2 Inter,1.0,https://twitter.com/pythaginboots/status/1348586607155294209?s=20,2021-01-11 19:54:12
DepressedSweetPotato,1610203452.0,kts3jg,8.0,1.0,roma,Posti da far visitare a qualcuno di nuovo,1.0,https://www.reddit.com/r/roma/comments/kts3jg/posti_da_far_visitare_a_qualcuno_di_nuovo/,2021-01-09 22:44:12
ChangingTheWay,1609920512.0,krjja2,1.0,1.0,roma,"Tesi in Sapienza, help!",1.0,https://www.reddit.com/r/roma/comments/krjja2/tesi_in_sapienza_help/,2021-01-06 16:08:32
ChangingTheWay,1609859616.0,kr098t,0.0,1.0,roma,"La percezione dell'ambiente in tempo di pandemia, tesi Sapienza",1.0,https://www.reddit.com/r/roma/comments/kr098t/la_percezione_dellambiente_in_tempo_di_pandemia/,2021-01-05 23:13:36
bozzett0,1609798773.0,kqjiob,8.0,1.0,roma,"Ciao Raga, solita domanda che fanno qua tutte le settimane: Mi debo trasnferire a Roma per lavoro, dove trovo affito?",1.0,https://www.reddit.com/r/roma/comments/kqjiob/ciao_raga_solita_domanda_che_fanno_qua_tutte_le/,2021-01-05 06:19:33
Fashinum,1609794318.0,kqhxhc,1.0,1.0,roma,Nuovo Brand di Moda su Roma,1.0,https://www.reddit.com/gallery/kqhxhc,2021-01-05 05:05:18
DepressedSweetPotato,1609718604.0,kpwfgj,16.0,1.0,roma,Modi per conoscere gente nuova in citt√† pur essendoci il covid?,1.0,https://www.reddit.com/r/roma/comments/kpwfgj/modi_per_conoscere_gente_nuova_in_citt√†_pur/,2021-01-04 08:03:24
justadumb_b,1609662770.0,kph21e,0.0,1.0,roma,HO UN'OFFERTA DI LAVORO PER LE RAGAZZE QUI,1.0,https://www.reddit.com/r/roma/comments/kph21e/ho_unofferta_di_lavoro_per_le_ragazze_qui/,2021-01-03 16:32:50
Counterclockwise_rm,1609503919.0,koai9a,6.0,1.0,roma,Ciao Roma!,1.0,https://www.reddit.com/r/roma/comments/koai9a/ciao_roma/,2021-01-01 20:25:19
Kinglens311,1609493087.0,ko8ji4,0.0,1.0,roma,Saxobar Swing &amp; Soul Orchestra - Christmas Tonight. Felice anno nuovo!,1.0,https://www.reddit.com/r/roma/comments/ko8h9c/saxobar_swing_soul_orchestra_christmas_tonight/?utm_source=ifttt,2021-01-01 17:24:47
Saxobar_Orchestra,1609492706.0,ko8h9c,0.0,1.0,roma,Saxobar Swing &amp; Soul Orchestra - Christmas Tonight. Felice anno nuovo!,1.0,https://open.spotify.com/track/4wLRg3FgtIx3I5JOu7KnNa,2021-01-01 17:18:26
corbysim,1614440432.0,ltqni4,0.0,1.0,roma,Decenni di musica a Roma dalla voce di un protagonista. Il cantautore Ernesto ‚ÄúBax‚Äù Bassignano si racconta,1.0,https://www.romasportspettacolo.it/decenni-di-musica-a-roma-dalla-voce-di-un-protagonista/,2021-02-27 23:40:32
uhuhred,1614426457.0,ltmhr0,0.0,1.0,roma,Bar zona Prati,1.0,https://www.reddit.com/r/roma/comments/ltmhr0/bar_zona_prati/,2021-02-27 19:47:37
white_violet_,1614370678.0,lt6scj,5.0,2.0,roma,C'√© qualcuno qui che abita a Colleferro?,1.0,https://www.reddit.com/r/roma/comments/lt6scj/c√©_qualcuno_qui_che_abita_a_colleferro/,2021-02-27 04:17:58
[deleted],1614369722.0,lt6fap,0.0,1.0,roma,"Qualcuno ha l'Abbonamento per i Monopattine in citta? Bird, Helbiz?",1.0,https://www.reddit.com/r/roma/comments/lt6fap/qualcuno_ha_labbonamento_per_i_monopattine_in/,2021-02-27 04:02:02
[deleted],1614369515.0,lt6c71,0.0,1.0,roma,[OC] La Garbatella (Settembre 2015),1.0,https://www.reddit.com/gallery/lt6c71,2021-02-27 03:58:35
mapoman,1614334419.0,lsuqcs,22.0,50.0,roma,Rome Metro Map,0.98,https://i.redd.it/n8wctudrt3b61.png,2021-02-26 18:13:39
Sprinkles_2,1614284028.0,lsfpwj,0.0,1.0,roma,Non ci sto capendo molto di questo reddit.,1.0,https://www.reddit.com/r/roma/comments/lsfpwj/non_ci_sto_capendo_molto_di_questo_reddit/,2021-02-26 04:13:48
corbysim,1614273330.0,lsbkjn,0.0,1.0,roma,Inaugurato oggi a Roma il centro vaccinale presso La Nuvola di Fuksas,1.0,https://www.romasportspettacolo.it/inaugurato-oggi-a-roma-il-centro-vaccinale-presso-la-nuvola-di-roma/,2021-02-26 01:15:30
[deleted],1614273013.0,lsbfvr,0.0,1.0,roma,Inaugurato oggi a Roma il centro vaccinale presso La Nuvola di Roma,1.0,https://www.romasportspettacolo.it/inaugurato-oggi-a-roma-il-centro-vaccinale-presso-la-nuvola-di-roma/,2021-02-26 01:10:13
[deleted],1614183162.0,lrggyh,0.0,1.0,roma,Fontana di Trevi,1.0,https://www.reddit.com/r/roma/comments/lrggyh/fontana_di_trevi/,2021-02-25 00:12:42
leogeeno,1614167346.0,lraz4e,28.0,11.0,roma,Trasferimento prossimo in Cornelia (metro),0.93,https://www.reddit.com/r/roma/comments/lraz4e/trasferimento_prossimo_in_cornelia_metro/,2021-02-24 19:49:06
[deleted],1614162031.0,lr9hng,0.0,1.0,roma,TRIESTE-SALARIO: SALE STUDIO/BIBLIOTECHE A ROMA???,1.0,https://www.reddit.com/r/roma/comments/lr9hng/triestesalario_sale_studiobiblioteche_a_roma/,2021-02-24 18:20:31
MongeringMongoose,1614158356.0,lr8hbs,0.0,1.0,roma,Qualcuno qui mi pu√≤ fornire qualche informazione sul liceo G. Peano?,1.0,https://www.reddit.com/r/roma/comments/lr8hbs/qualcuno_qui_mi_pu√≤_fornire_qualche_informazione/,2021-02-24 17:19:16
Veronic_,1614100505.0,lqnkab,0.0,1.0,roma,Ricerca Annunci - Invia il CV UPS adesso!,1.0,https://verocredito.it/ricerca-annunci-invia-il-cv-ups-adesso/,2021-02-24 01:15:05
maganhard,1614091055.0,lqjtyh,0.0,5.0,roma,Cercasi gruppo telegram/signal per chiacchierare,0.78,https://www.reddit.com/r/roma/comments/lqjtyh/cercasi_gruppo_telegramsignal_per_chiacchierare/,2021-02-23 22:37:35
IngZombie,1614076934.0,lqfhdu,0.0,1.0,roma,Laurea in ingegneria civile triennale a 29 anni,1.0,https://www.reddit.com/r/roma/comments/lqfhdu/laurea_in_ingegneria_civile_triennale_a_29_anni/,2021-02-23 18:42:14
[deleted],1614075739.0,lqf6my,0.0,1.0,roma,Laurea triennale a 29 anni ingengneria,1.0,https://www.reddit.com/r/roma/comments/lqf6my/laurea_triennale_a_29_anni_ingengneria/,2021-02-23 18:22:19
fbrzzrbf,1614062591.0,lqbmnt,0.0,1.0,roma,Siti di news per informarsi su quello che succede a Roma,1.0,https://www.reddit.com/r/roma/comments/lqbmnt/siti_di_news_per_informarsi_su_quello_che_succede/,2021-02-23 14:43:11
Odirin,1614023972.0,lpy79x,4.0,1.0,roma,Under the sea restaurant,1.0,https://www.reddit.com/r/roma/comments/lpy79x/under_the_sea_restaurant/,2021-02-23 03:59:32
Carudia23,1613856252.0,loh3ds,0.0,1.0,roma,Come cazzo si usa sto social network?,1.0,https://www.reddit.com/r/roma/comments/loh3ds/come_cazzo_si_usa_sto_social_network/,2021-02-21 05:24:12
Yoann0,1613842828.0,loc7yq,2.0,1.0,roma,[OC] Via Giovanni Giolitti - Esquilino (September 2015),1.0,https://i.redd.it/i4qo1rvb5oi61.jpg,2021-02-21 01:40:28
EnthusiasticFresh,1613820502.0,lo59wd,3.0,1.0,roma,Buongiorno sto cercando questo cactus che cresce spontaneo a Roma per una ricerca. Ringrazio molto chi vorr√† aiutarmi.,1.0,https://www.reddit.com/gallery/lo59wd,2021-02-20 19:28:22
clyus22,1613774943.0,lnslby,11.0,1.0,roma,indecisione uni: scipol sapienza VS scipol sociologia e comunicazione sapienza,1.0,https://www.reddit.com/r/roma/comments/lnslby/indecisione_uni_scipol_sapienza_vs_scipol/,2021-02-20 06:49:03
andrewvanzyl,1613545573.0,lloidm,1.0,1.0,roma,Is coronavirus putting Europe's Roma further behind? | The Stream,1.0,https://www.youtube.com/watch?v=-2XfE_LAzSQ,2021-02-17 15:06:13
storieinspiegabili,1613381160.0,lka3zq,0.0,1.0,roma,Ponte Sisto e il carro indiavolato della Pimpaccia,1.0,https://www.reddit.com/r/roma/comments/lka3zq/ponte_sisto_e_il_carro_indiavolato_della_pimpaccia/,2021-02-15 17:26:00
Cool-Limit3364,1613380322.0,lk9xoz,0.0,1.0,roma,"In September I walked through Rome for days to film the city as beautifully as possible. This is the result, a new Rome Travel Guide. I hope you like it.",1.0,https://youtube.com/watch?v=h2185sYhhak&amp;feature=share,2021-02-15 17:12:02
Born_Drawner,1613305986.0,ljnlcg,11.0,1.0,roma,il mio disegno,1.0,https://i.redd.it/s087161etfh61.png,2021-02-14 20:33:06
StefanoPera,1613250734.0,lj9egy,0.0,1.0,roma,"#sanvalentino #sanvalentino2021 #giornodegliinnamorati Bisogna amare se stessi per poter amare qualcun altro. Amare significa donarsi, significa dedicarsi al prossimo, solo cos√¨ si pu√≤ amare. Per potersi donare bisogna essere in pace con se stessi. Amati per amare.",1.0,https://i.redd.it/fuauren69bh61.jpg,2021-02-14 05:12:14
LelixSuper,1613221585.0,lj08fp,9.0,1.0,roma,"Monte Salomone (Colli Albani), Monte Tuscolo e dietro sullo sfondo Roma",1.0,https://i.redd.it/fgjr6rz2u8h61.jpg,2021-02-13 21:06:25
bebop_korsakoff,1613211119.0,lixy2j,1.0,1.0,roma,"Kickstarter per il libro di fotografie di Roma di Mohamed Keita, arrivato in Italia come immigrato minorenne nel 2010 ed ora in procinto di pubblicare il suo primo libro come fotografo",1.0,https://www.kickstarter.com/projects/punctumpress/mohamed-keita-roma-10-20?ref=aztpfc,2021-02-13 18:11:59
novadako,1613042702.0,lhisbn,0.0,1.0,roma,Squadra basket cercasi,1.0,https://www.reddit.com/r/roma/comments/lhisbn/squadra_basket_cercasi/,2021-02-11 19:25:02
SnooGrapes596,1613000549.0,lh7dvs,0.0,0.0,roma,10 Shocking Facts about this | Ancient Roman City | TIMGAD,0.5,https://youtu.be/2t4DKs9y4pA,2021-02-11 07:42:29
Representative-Tax-3,1612806413.0,lfh9ro,0.0,1.0,roma,A Tactical Analysis of Juventus 2-0 Roma (Defying the XG),1.0,https://twitter.com/pythaginboots/status/1358833763162206210?s=20,2021-02-09 01:46:53
Asteroide3000,1612468648.0,lcohdn,2.0,52.0,roma,Mappa di Roma nel 1838. Fonte: IlPost (link all'articolo nei commenti),0.99,https://i.redd.it/uac6ep2nnif61.jpg,2021-02-05 03:57:28
cmp29,1612463457.0,lcmdwa,0.0,2.0,roma,Libro sulla rovina e ricostruzione di Roma a fine '800,1.0,https://www.reddit.com/r/roma/comments/lcmdwa/libro_sulla_rovina_e_ricostruzione_di_roma_a_fine/,2021-02-05 02:30:57
Official_Lolucas,1612459042.0,lcknoh,2.0,1.0,roma,(Per chi ha visto l'idea dei due passanti ferroviari di Roma di ieri) ecco le posizione e i nomi delle stazioni,0.6,https://www.reddit.com/r/roma/comments/lcknoh/per_chi_ha_visto_lidea_dei_due_passanti/,2021-02-05 01:17:22
Official_Lolucas,1612364320.0,lbpbfs,14.0,8.0,roma,Un idea per due passanti ferroviari per Roma,0.83,https://www.reddit.com/r/roma/comments/lbpbfs/un_idea_per_due_passanti_ferroviari_per_roma/,2021-02-03 22:58:40
thatsgarzo,1612306933.0,lb987g,8.0,68.0,roma,Complete Ancient Rome replica 36 years in the making,0.99,https://i.imgur.com/eXGjjNv.jpg,2021-02-03 07:02:13
ninuzzo79,1612291301.0,lb2znk,0.0,1.0,roma,Trasloco a Roma,0.99,https://www.reddit.com/r/roma/comments/lb2znk/trasloco_a_roma/,2021-02-03 02:41:41
Ruben993,1612287468.0,lb1fs0,12.0,8.0,roma,Saluto generale,0.78,https://www.reddit.com/r/roma/comments/lb1fs0/saluto_generale/,2021-02-03 01:37:48
Lorenzoauditore_,1612215467.0,laex3d,0.0,1.0,roma,prati,1.0,https://www.reddit.com/r/roma/comments/laex3d/prati/,2021-02-02 05:37:47
AA-MEDIAWORKS-1,1612129788.0,l9myib,0.0,1.0,roma,Happy Birthday Gabriel Batistuta üéâüéâBatistuta Birthday Special WhatsApp S...,1.0,https://youtube.com/watch?v=W4gM2qM0ED8&amp;feature=share,2021-02-01 05:49:48
tim_gabie,1617059040.0,mg2165,1.0,1.0,roma,Mozilla Italia organizza in tutto il mese di aprile un nuovo contest: CV Project: Contest,1.0,/r/ItalyInformatica/comments/mfjw2j/mozilla_italia_organizza_in_tutto_il_mese_di/,2021-03-30 07:04:00
awdawkdjawwdwad,1617052557.0,mfzs9c,3.0,1.0,roma,studente erasmus a roma,1.0,https://www.reddit.com/r/roma/comments/mfzs9c/studente_erasmus_a_roma/,2021-03-30 05:15:57
dami_serani,1617050346.0,mfyy6u,8.0,1.0,roma,Il tramonto su Roma lascia sempre senza fiato,1.0,https://i.redd.it/sxilupid31q61.jpg,2021-03-30 04:39:06
marcoperry18,1617024781.0,mfpo2i,0.0,1.0,roma,"Una mia vecchia foto che ho ritrovato nel mio archivio, una foto che mi piace particolarmente e volevo condividerla con voi üì∏",1.0,https://i.redd.it/k14vjx4dzyp61.jpg,2021-03-29 21:33:01
Andrea_Fake,1616947240.0,mf3myw,0.0,1.0,roma,Hyperlapse: Torre di Avvistamento Medievale in Molise (Italia),1.0,https://www.youtube.com/watch?v=KmDS2e5gZ3s,2021-03-29 00:00:40
RomeVacationTips,1615998818.0,m74eu0,2.0,1.0,roma,Potete aiutare compilando un questionario sulla mobilit√† sostenibile a Roma (per conto di 'European Cooperation in Science and Technology' ),1.0,https://www.reddit.com/r/roma/comments/m74eu0/potete_aiutare_compilando_un_questionario_sulla/,2021-03-18 00:33:38
anotherfakeaccount18,1615931575.0,m6kg76,0.0,1.0,roma,Hey please respond to this,1.0,https://www.reddit.com/r/roma/comments/m6kg76/hey_please_respond_to_this/,2021-03-17 05:52:55
storieinspiegabili,1615900638.0,m68ubn,0.0,1.0,roma,Ponte Sisto e il carro indiavolato della Pimpaccia,1.0,https://www.reddit.com/r/roma/comments/m68ubn/ponte_sisto_e_il_carro_indiavolato_della_pimpaccia/,2021-03-16 21:17:18
DigStock,1615810249.0,m5jay3,0.0,1.0,roma,Giornata stupenda,1.0,https://www.reddit.com/gallery/m5jay3,2021-03-15 20:10:49
Gabriele2020,1615804198.0,m5hr06,18.0,1.0,roma,Acquedotto Claudio all‚Äôalba,1.0,https://i.redd.it/1lcd4kjx56n61.jpg,2021-03-15 18:29:58
bjork99,1615772217.0,m59o8l,0.0,1.0,roma,Terry naked,1.0,https://i.redd.it/popitrdui3n61.jpg,2021-03-15 09:36:57
alanz01,1615759834.0,m55mu1,0.0,1.0,roma,L'interno di San Pietro - Aprile 2015 (5 Image Panorama),1.0,https://i.redd.it/vvwanv7kh2n61.jpg,2021-03-15 06:10:34
marcoperry18,1615721522.0,m4tmls,12.0,1.0,roma,SHOT MY CITY WITH PHONE,1.0,https://v.redd.it/c5nem39abzm61,2021-03-14 19:32:02
sosababe,1615636595.0,m44w3l,0.0,1.0,roma,Come sopravvivere a un altro mese di zona red?,1.0,https://www.reddit.com/r/roma/comments/m44w3l/come_sopravvivere_a_un_altro_mese_di_zona_red/,2021-03-13 19:56:35
stefyteto,1615635832.0,m44px0,3.0,1.0,roma,Metrovia - l'idea che muove Roma,1.0,https://www.reddit.com/r/roma/comments/m44px0/metrovia_lidea_che_muove_roma/,2021-03-13 19:43:52
OttavioFernandez,1615635293.0,m44lmq,11.0,1.0,roma,Un saluto a Roma prima del lockdown...,1.0,https://i.redd.it/7o1yl6wo7sm61.jpg,2021-03-13 19:34:53
cozmin99,1615585282.0,m3rw8w,5.0,1.0,roma,"Er brasiliano ed il Colosseo, i due pi√π grandi riferimenti di Roma.",1.0,https://i.redd.it/ut9hfanz2om61.jpg,2021-03-13 05:41:22
Eyoel_Ethiopia,1615549545.0,m3fw8u,2.0,1.0,roma,"Clodio, Roma",1.0,https://www.reddit.com/gallery/m3fw8u,2021-03-12 19:45:45
Yoann0,1615491137.0,m2yns0,0.0,1.0,roma,Fine dell'estate in Ostia Lido (Settembre 2015) [OC],1.0,https://i.redd.it/8kcjybtuagm61.jpg,2021-03-12 03:32:17
Emissionizeronews,1615485687.0,m2whmw,1.0,1.0,roma,La newsletter settimanale sul pianeta üåç,1.0,https://linktr.ee/Emissionizero_newsletter,2021-03-12 02:01:27
ScienceSaysTo,1615471269.0,m2qobm,0.0,1.0,roma,Abbiamo bisogno di pi√π donne al ‚Äòpotere‚Äô? No(n solo)!,1.0,https://www.romasportspettacolo.it/donne-al-potere-in-politica-e-imprese/,2021-03-11 22:01:09
Longjumping_Train_76,1615361443.0,m1s4uq,0.0,1.0,roma,Rome Tourism! 10 recommended sightseeing spots in Rome!,1.0,https://youtube.com/watch?v=ASB4ynUh0mk&amp;feature=share,2021-03-10 15:30:43
Monoheart,1614942187.0,ly9ieb,1.0,15.0,roma,Music video shot at Parco degli Acquedotti in Rome,0.86,https://youtu.be/qqpw29Srkz8,2021-03-05 19:03:07
corbysim,1614901506.0,lxyrpw,0.0,5.0,roma,"4 marzo, ricordi di Lucio Dalla, festival di Sanremo di altri tempi.. Ernesto Bassignano, cantautore romano, si racconta.",1.0,https://www.romasportspettacolo.it/4-marzo-ricordi-di-lucio-dalla-festival-di-sanremo/,2021-03-05 07:45:06
ilpirata79,1614884327.0,lxs993,0.0,1.0,roma,Il parco di capodimonte di Roma,1.0,https://www.reddit.com/r/roma/comments/lxs993/il_parco_di_capodimonte_di_roma/,2021-03-05 02:58:47
rtwfm,1614807044.0,lx4vtl,38.0,5.0,roma,Sgabeo a Roma,0.78,https://www.reddit.com/r/roma/comments/lx4vtl/sgabeo_a_roma/,2021-03-04 05:30:44
corbysim,1614775469.0,lwt11l,14.0,8.0,roma,Le strisce pedonali perdono ogni colore. Pericolo sulle strade di Roma,0.83,https://www.romasportspettacolo.it/le-strisce-pedonali-perdono-ogni-colore-pericolo-sulle-strade-di-roma/,2021-03-03 20:44:29
psych3d3lic_dude,1619706436.0,n15j95,17.0,1.0,roma,Student going to Rome,1.0,https://www.reddit.com/r/roma/comments/n15j95/student_going_to_rome/,2021-04-29 22:27:16
CupChoice5073,1619692799.0,n11m30,0.0,1.0,roma,LIVE HERE,1.0,https://discord.gg/SY9uYnKq9t,2021-04-29 18:39:59
BTEItalia,1619679810.0,n0yupm,42.0,1.0,roma,"Stiamo costruendo la Terra in scala 1:1 su Minecraft. Questo √® l'Altare della Patria, costruito dal buildteam italiano. Dateci una mano!",1.0,https://i.redd.it/mqkawne072w61.png,2021-04-29 15:03:30
cattynails,1619486805.0,mzdbr4,0.0,1.0,roma,Best pizza place in trastevere?,1.0,https://www.reddit.com/r/roma/comments/mzdbr4/best_pizza_place_in_trastevere/,2021-04-27 09:26:45
Yoann0,1619467753.0,mz6q08,0.0,1.0,roma,Via Panisperna (Settembre 2015) [OC],1.0,https://i.redd.it/0obbyynhqkv61.jpg,2021-04-27 04:09:13
lestrange44,1619448465.0,myzc8f,13.0,1.0,roma,will be moving in january,1.0,https://www.reddit.com/r/roma/comments/myzc8f/will_be_moving_in_january/,2021-04-26 22:47:45
tastygravy7,1619356697.0,my85pv,8.0,1.0,roma,Parchi dove studiare,1.0,https://www.reddit.com/r/roma/comments/my85pv/parchi_dove_studiare/,2021-04-25 21:18:17
downydafox,1619354338.0,my7i69,22.0,1.0,roma,Ciao Tutti ! Help me find if these could be located in Roma ! More info in the comments,1.0,https://www.reddit.com/gallery/kuhlmo,2021-04-25 20:38:58
PINO_007-,1619270520.0,mxjvkm,4.0,1.0,roma,Tutti vogliamo la strada spianata,1.0,https://i.redd.it/f9gr9z23h4v61.jpg,2021-04-24 21:22:00
Elfoxter,1619036683.0,mvokqf,3.0,1.0,roma,H√¥tel or place to stay with a pool ?,1.0,https://www.reddit.com/r/roma/comments/mvokqf/h√¥tel_or_place_to_stay_with_a_pool/,2021-04-22 04:24:43
Asteroide3000,1619010969.0,mvfgag,1.0,1.0,roma,Auguri Roma!,1.0,https://i.redd.it/7tojf2ub9gu61.jpg,2021-04-21 21:16:09
Yoann0,1618865529.0,mua92x,7.0,1.0,roma,Quartiere Testaccio (Settembre 2015) [OC],1.0,https://www.reddit.com/gallery/mua92x,2021-04-20 04:52:09
dannykronstrom,1618739853.0,mt9y9w,0.0,1.0,roma,Une visite du Colis√©e de Rome,1.0,https://www.gayvoyageur.com/italie/guide-gay-rome/une-visite-du-colisee-de-rome/,2021-04-18 17:57:33
Callisto2017,1618616567.0,msfhwd,4.0,1.0,roma,"ROMA La nostra citt√† eterna, malgrado tutto e malgrado tutti!!",1.0,https://i.redd.it/vhu0pa7kgmt61.jpg,2021-04-17 07:42:47
Cant_Create_Username,1617887624.0,mmrich,17.0,1.0,roma,Ideas?,1.0,https://www.reddit.com/r/roma/comments/mmrich/ideas/,2021-04-08 21:13:44
socialbest,1617751507.0,mlose9,0.0,1.0,roma,"#CarbonaraDay del 6 aprile 2021: sui social, Barilla (con un video) e altri brand italiani celebrano il piatto di Roma pi√π amato al Mondo",1.0,https://www.socialbest.it/carbonaraday-del-6-aprile-2021-sui-social-barilla,2021-04-07 07:25:07
GoodNello,1617703511.0,ml88zn,8.0,1.0,roma,Ho bisogno di una mano a trovare questo posto,1.0,https://i.redd.it/mminqk9k1jr61.png,2021-04-06 18:05:11
GoodNello,1617703424.0,ml8879,0.0,1.0,roma,Ho bisogno di una mano a trovare questo posto,1.0,https://i.redd.it/v4ym8yf81jr61.jpg,2021-04-06 18:03:44
spasmo-umano,1617695984.0,ml6lhg,0.0,1.0,roma,Molto epico,1.0,https://i.redd.it/0mtscp5lbfr61.png,2021-04-06 15:59:44
socialbest,1617694701.0,ml6b7s,0.0,1.0,roma,"#CarbonaraDay del 6 aprile 2021: sui social, Barilla (con un video) e altri brand italiani celebrano il piatto di Roma pi√π amato al Mondo",1.0,https://www.socialbest.it/carbonaraday-del-6-aprile-2021-sui-social-barilla-e-i-brand-sulla-pasta/,2021-04-06 15:38:21
Apart_Address_8764,1617631672.0,mkliv5,0.0,1.0,roma,Guarda il mio Riepilogo di Raid per scoprire la mia storia fino a questo momento - inclusa ogni mia pi√π grande impresa. Inizia a giocare a Raid usando il link qui sotto e potremo ricevere entrambi ricompense gratis! https://link.plrm.zone/app/cw8te,1.0,https://link.plrm.zone/anniversary/no10,2021-04-05 22:07:52
Eyoel_Ethiopia,1617529408.0,mjt6ml,0.0,1.0,roma,Roma,1.0,https://i.redd.it/jr2xrjfvn4r61.jpg,2021-04-04 17:43:28
CrisVola,1617525017.0,mjsa85,1.0,1.0,roma,Buon Giorno Roma,1.0,https://i.redd.it/kgs4ugzra4r61.jpg,2021-04-04 16:30:17
retroitaly,1617478202.0,mjffyp,0.0,1.0,roma,Red Zone in Italy. Even Julius Caesar can‚Äôt go out. Make Caesar salad instead. #retroitaly #retroitalyapron #juliuscaesar #giuliocesare #redzone #zonarossa #italy #colosseum #colosseo #apron #roma #apronstyle #retro #vintage,1.0,https://v.redd.it/umb8by0bf0r61,2021-04-04 03:30:02
Yoann0,1617472363.0,mjdiqe,18.0,1.0,roma,Il Colosseo Quadrato all'EUR [OC],1.0,https://www.reddit.com/gallery/mjdiqe,2021-04-04 01:52:43
SKELETONFISHYGANGXD,1617374327.0,milom7,1.0,1.0,roma,Pls subscribe to my YouTube channel SKELETON FISHY GANGXD!,1.0,https://i.redd.it/wtutuhqqurq61.jpg,2021-04-02 22:38:47
fabriluiss,1617358884.0,mihh7c,5.0,1.0,roma,MTbSmart,1.0,https://www.reddit.com/r/roma/comments/mihh7c/mtbsmart/,2021-04-02 18:21:24
CrisVola,1617309405.0,mi4fkz,0.0,1.0,roma,Good Night Roma [Santa Maria in Trastevere ],1.0,https://i.redd.it/afeie9fghmq61.jpg,2021-04-02 04:36:45
CrisVola,1617269475.0,mhrmpl,0.0,1.0,roma,Rome is more,1.0,https://i.redd.it/l8ua50zu6jq61.jpg,2021-04-01 17:31:15
CrisVola,1622378176.0,noab6z,0.0,1.0,roma,Buona Domenica,1.0,https://i.redd.it/fewl7sop59271.jpg,2021-05-30 20:36:16
MargaritaGordon,1622308194.0,nnrtr0,1.0,1.0,roma,Roma Name T Shirt - In Case Of Emergency My Blood Type Is Roma Gift Item,1.0,https://i.redd.it/g5n6r7nld3271.jpg,2021-05-30 01:09:54
HubbieGoneHam,1622244828.0,nnalqp,0.0,1.0,roma,a parte cazzate,1.0,https://www.reddit.com/r/roma/comments/nnalqp/a_parte_cazzate/,2021-05-29 07:33:48
fenechfan,1622133685.0,nmblet,0.0,1.0,roma,Questo weekend ciemmona!,1.0,https://i.redd.it/u8ttmn0oyo171.jpg,2021-05-28 00:41:25
natcole75,1622133505.0,nmbiyp,0.0,1.0,roma,Roma - Prati streets I,1.0,https://www.reddit.com/gallery/nmbiyp,2021-05-28 00:38:25
natcole75,1622130497.0,nmaejg,0.0,1.0,roma,Roma / Prati streets - I,1.0,https://www.reddit.com/gallery/nmaejg,2021-05-27 23:48:17
natcole75,1622113431.0,nm4xvb,50.0,1.0,roma,Dirtiest city in Europe,1.0,https://www.reddit.com/r/roma/comments/nm4xvb/dirtiest_city_in_europe/,2021-05-27 19:03:51
Obelix13,1622067673.0,nlt2e6,0.0,1.0,roma,a Roma l'Apple Store pi√π grande d'Europa,1.0,https://www.repubblica.it/tecnologia/2021/05/26/news/apple_store_roma_quando_apre-302831459/?ref=RHTP-BG-I294524205-P6-S5-T1,2021-05-27 06:21:13
GiulioRock,1622067073.0,nlsuqc,1.0,1.0,roma,oggi a Revolver on air su VirginRadio parlavamo delle voragini che si sono aperte in citt√† in questi giorni,1.0,https://v.redd.it/opjzqso5gj171,2021-05-27 06:11:13
aleksandratal,1621929867.0,nkke1r,3.0,1.0,roma,Any app workers here?,1.0,https://www.reddit.com/r/roma/comments/nkke1r/any_app_workers_here/,2021-05-25 16:04:27
Newslooks,1621874194.0,nk254g,0.0,1.0,roma,Roma and Tottenham to hunt new European title | NewsLooks,1.0,https://www.newslooks.com/roma-and-tottenham-to-hunt-new-european-title/,2021-05-25 00:36:34
Che-recher,1621839444.0,njrr0e,9.0,1.0,roma,Which University to visit?,1.0,https://www.reddit.com/r/roma/comments/njrr0e/which_university_to_visit/,2021-05-24 14:57:24
alirezaakhlaghiyt,1621793334.0,njde52,0.0,1.0,roma,"Flight Tehran Rome, leonardo Da Vinci Airport by Airbus 340 MAHAN AIR || Ÿæÿ±Ÿàÿßÿ≤ ÿ™Ÿáÿ±ÿßŸÜ ÿ±ŸÖÿå ŸÖÿßŸáÿßŸÜ ÿß€åÿ±",1.0,https://youtu.be/khzu6mYqrVc,2021-05-24 02:08:54
SRed3yes,1621787528.0,njbbsn,0.0,1.0,roma,Chi ha bisogno di un photoshooting a Roma?,1.0,https://www.reddit.com/r/roma/comments/njbbsn/chi_ha_bisogno_di_un_photoshooting_a_roma/,2021-05-24 00:32:08
gianmarcolaserra,1621708261.0,niowst,8.0,1.0,roma,Svevo Caput Mundi,1.0,https://www.reddit.com/r/roma/comments/niowst/svevo_caput_mundi/,2021-05-23 02:31:01
Imaginary_Log1362,1621624161.0,ni0aw5,0.0,1.0,roma,Walking into the weekend,1.0,https://www.reddit.com/r/roma/comments/ni0aw5/walking_into_the_weekend/,2021-05-22 03:09:21
Ambitious-Rooster-94,1621597272.0,nhqflz,0.0,1.0,roma,Climate clock Roma,1.0,https://gofund.me/bde94794,2021-05-21 19:41:12
tilds,1621548860.0,nhd2hx,9.0,1.0,roma,Tivoli in bici?,1.0,https://www.reddit.com/r/roma/comments/nhd2hx/tivoli_in_bici/,2021-05-21 06:14:20
Fazious9,1621344539.0,nfaqyj,0.0,1.0,roma,Regalo letteralmente soldi!!!,1.0,https://www.reddit.com/r/roma/comments/nfaqyj/regalo_letteralmente_soldi/,2021-05-18 21:28:59
drakejones99,1621252819.0,neebuj,0.0,1.0,roma,On the train in Rome.,1.0,https://i.redd.it/6zznci3e7oz61.jpg,2021-05-17 20:00:19
drakejones99,1621252680.0,neea34,0.0,1.0,roma,On the train in Rome.,1.0,https://www.reddit.com/r/roma/comments/neea34/on_the_train_in_rome/,2021-05-17 19:58:00
Representative-Tax-3,1621249661.0,nedbf5,2.0,1.0,roma,Roma 2-0 Lazio - Tactical Analysis,1.0,https://twitter.com/pythaginboots/status/1394247482285207560?s=20,2021-05-17 19:07:41
CrisVola,1621155829.0,ndkabh,8.0,2.0,roma,Piazza Navona Roma,1.0,https://i.redd.it/ag7qtl607gz61.jpg,2021-05-16 17:03:49
hitchtube,1621057371.0,ncrs39,1.0,1.0,roma,Roman Auxiliary Bow (Archeological find dated 200 A.D.) English Video,1.0,https://youtu.be/1LrbrKDn_wc,2021-05-15 13:42:51
SapientiaeStudiosus,1620890433.0,nbavq3,9.0,1.0,roma,Quartiere a Roma Est,1.0,https://www.reddit.com/r/roma/comments/nbavq3/quartiere_a_roma_est/,2021-05-13 15:20:33
Yoann0,1620830335.0,naq8ta,0.0,1.0,roma,Santa Maria Maggiore (Settembre 2007) [OC],1.0,https://i.redd.it/zt14vtn4bpy61.jpg,2021-05-12 22:38:55
trsbts14,1620663687.0,n995ml,2.0,1.0,roma,Questionario sui cambiamenti nella societ√†!,1.0,https://www.reddit.com/r/roma/comments/n995ml/questionario_sui_cambiamenti_nella_societ√†/,2021-05-11 00:21:27
storieinspiegabili,1620637212.0,n8zxbf,0.0,1.0,roma,Benvenuto Cellini e i Diavoli del Colosseo,1.0,https://www.reddit.com/r/roma/comments/n8zxbf/benvenuto_cellini_e_i_diavoli_del_colosseo/,2021-05-10 17:00:12
tsngiasai,1620521309.0,n82oru,18.0,1.0,roma,com'√® il pigneto?,1.0,https://www.reddit.com/r/roma/comments/n82oru/com√®_il_pigneto/,2021-05-09 08:48:29
Winnaija,1620347232.0,n6lzvr,2.0,1.0,roma,R–æ–ú–∞ V–Ö –ú–∞n un—ñt–µd Match 3 : 2 All Goals Highlights May 2021,1.0,https://youtube.com/watch?v=nv8k1Nx0vy0&amp;feature=share,2021-05-07 08:27:12
WhoAreYouYaa,1620343840.0,n6kvff,20.0,1.0,roma,is Weed legal in Rome or Not?,1.0,https://www.reddit.com/r/roma/comments/n6kvff/is_weed_legal_in_rome_or_not/,2021-05-07 07:30:40
sportlivenow,1620307157.0,n673ce,0.0,1.0,roma,Tonight Roma - Manchester United or SIMULCAST are LIVE Video for free and after the match you can find the highlights here,1.0,https://livesports.website/europe-uefa-league/,2021-05-06 21:19:17
WonderfulPage,1620279067.0,n602n3,1.0,1.0,roma,Foto professionale per LinkedIn a Roma?,1.0,https://www.reddit.com/r/roma/comments/n602n3/foto_professionale_per_linkedin_a_roma/,2021-05-06 13:31:07
Relevant-Hour8588,1620228822.0,n5ipt1,0.0,1.0,roma,I'M HIRING IN ROME!,1.0,https://www.reddit.com/r/roma/comments/n5ipt1/im_hiring_in_rome/,2021-05-05 23:33:42
vichykingdom,1620162849.0,n4ygv8,0.0,1.0,roma,We made a server for all Europeans to come and chill. Posting it here for all interested people!,1.0,https://www.reddit.com/r/roma/comments/n4ygv8/we_made_a_server_for_all_europeans_to_come_and/,2021-05-05 05:14:09
pindarico,1620150085.0,n4uf15,0.0,1.0,roma,Sono un nomade parcheggiato a Roma. Mi √© venuta voglia di incidere un disco acustico che ho pronto. Qualche suggerimento di uno studio?,1.0,https://www.reddit.com/r/roma/comments/n4uf15/sono_un_nomade_parcheggiato_a_roma_mi_√©_venuta/,2021-05-05 01:41:25
ManInBed,1620125909.0,n4lhl3,0.0,1.0,roma,Idee?,1.0,https://www.reddit.com/r/roma/comments/n4lhl3/idee/,2021-05-04 18:58:29
porotecnico,1619897241.0,n2pfyp,2.0,1.0,roma,#cronachedenporotecnico,1.0,https://www.reddit.com/r/roma/comments/n2pfyp/cronachedenporotecnico/,2021-05-02 03:27:21
_the_deep_one_,1619891501.0,n2nfr8,0.0,1.0,roma,Una persona felice in una societ√† infelice,1.0,https://i.redd.it/8l0opg7lrjw61.jpg,2021-05-02 01:51:41
MG-10,1619878967.0,n2jb64,9.0,1.0,roma,Intenzioni di voto Comune di Roma - Sondaggio Ipsos del 18 Aprile,1.0,https://i.redd.it/ub1wvqlbqiw61.jpg,2021-05-01 22:22:47
floema,1624862934.0,o9et6k,12.0,1.0,roma,Tell me your favorite corner,1.0,https://www.reddit.com/r/roma/comments/o9et6k/tell_me_your_favorite_corner/,2021-06-28 14:48:54
tidvgldl,1624708851.0,o89gnn,14.0,1.0,roma,"Ciao, sono a Roma da un anno, ma mi sento solo",1.0,https://www.reddit.com/r/roma/comments/o89gnn/ciao_sono_a_roma_da_un_anno_ma_mi_sento_solo/,2021-06-26 20:00:51
asimik,1624696632.0,o86xnd,1.0,1.0,roma,Un sondaggio su moralit√† per uno studente di Milano-Bicocca,1.0,https://www.reddit.com/r/roma/comments/o86xnd/un_sondaggio_su_moralit√†_per_uno_studente_di/,2021-06-26 16:37:12
grom1995,1624662992.0,o7yyof,3.0,1.0,roma,Roma Termini song name?,1.0,https://www.reddit.com/r/roma/comments/o7yyof/roma_termini_song_name/,2021-06-26 07:16:32
coverlaguerradipiero,1624642555.0,o7shx5,5.0,1.0,roma,Mi consigliate una trattoria raggiungibile a piedi dal Quirinale?,1.0,https://www.reddit.com/r/roma/comments/o7shx5/mi_consigliate_una_trattoria_raggiungibile_a/,2021-06-26 01:35:55
natcole75,1624441954.0,o69nm3,32.0,1.0,roma,Truth is bitter / Real Roma,1.0,https://www.reddit.com/gallery/o69nm3,2021-06-23 17:52:34
Gorinho95,1624364439.0,o5ltkv,3.0,1.0,roma,Dove vedere partita europei,1.0,https://www.reddit.com/r/roma/comments/o5ltkv/dove_vedere_partita_europei/,2021-06-22 20:20:39
FaustoHaLeEmorroidi,1624296408.0,o50h0b,2.0,1.0,roma,Finalmente,1.0,https://roma.repubblica.it/cronaca/2021/06/21/news/roma_metro_a_anagnina_per_circa_2_anni_servizio_ridotto_alle_ore_21_00-306980070/,2021-06-22 01:26:48
jiqwu,1624218420.0,o4dfud,0.0,1.0,roma,Douce France,1.0,https://streamable.com/cz6471,2021-06-21 03:47:00
aleksandratal,1624017148.0,o2nbr9,1.0,3.0,roma,Any tips for working as a driver?,1.0,https://www.reddit.com/r/roma/comments/o2nbr9/any_tips_for_working_as_a_driver/,2021-06-18 19:52:28
valexios,1623941882.0,o1z92e,14.0,1.0,roma,Softair,0.67,https://www.reddit.com/r/roma/comments/o1z92e/softair/,2021-06-17 22:58:02
Zealousideal-Way7490,1623929478.0,o1v1dv,5.0,2.0,roma,Questionario tesi,1.0,https://www.reddit.com/r/roma/comments/o1v1dv/questionario_tesi/,2021-06-17 19:31:18
murillopereirac,1623801084.0,o0rvj2,0.0,3.0,roma,"MediaWorld offerte di lavoro, come candidarsi",0.8,https://astronautsdevelopers.com/en/mediaworld-offerte-di-lavoro-come-candidarsi/,2021-06-16 07:51:24
inspbudgt,1623739732.0,o07y8l,11.0,8.0,roma,Brevi tour romani,0.91,https://www.reddit.com/r/roma/comments/o07y8l/brevi_tour_romani/,2021-06-15 14:48:52
Paconxy,1623694740.0,nzt7pg,18.0,10.0,roma,Where to find apartments in Rome?,0.86,https://www.reddit.com/r/roma/comments/nzt7pg/where_to_find_apartments_in_rome/,2021-06-15 02:19:00
venticelloxxx,1623614888.0,nz4qwu,2.0,1.0,roma,Conoscete dei posti per ragazzi a Roma?,1.0,https://www.reddit.com/r/roma/comments/nz4qwu/conoscete_dei_posti_per_ragazzi_a_roma/,2021-06-14 04:08:08
raikEn1010,1623580558.0,nytl5u,10.0,1.0,roma,EURO2020 - Italy vs Switzerland 16.06.2021,1.0,https://www.reddit.com/r/roma/comments/nytl5u/euro2020_italy_vs_switzerland_16062021/,2021-06-13 18:35:58
esmussein_,1623574612.0,nysa9u,12.0,1.0,roma,Cercare una stanza a Roma da dottorando,1.0,https://www.reddit.com/r/roma/comments/nysa9u/cercare_una_stanza_a_roma_da_dottorando/,2021-06-13 16:56:52
mutualplea,1623440674.0,nxog0s,2.0,1.0,roma,trombamica,1.0,https://www.reddit.com/r/roma/comments/nxog0s/trombamica/,2021-06-12 03:44:34
x_network_,1623325871.0,nwlo59,2.0,1.0,roma,Luoghi Cult per i giovani romani,1.0,https://www.reddit.com/r/roma/comments/nwlo59/luoghi_cult_per_i_giovani_romani/,2021-06-10 19:51:11
Jackrosiemusic,1623215446.0,nvnv8p,0.0,1.0,roma,"Music For Love Presents Fabrizio Bosso ""Dreaming Miles""",1.0,https://www.jazzmonthly.com/from-miles-davis-to-music-for-love-dreaming-miles/?fbclid=IwAR2IKHIGXGc6l834rzZ4AWivv3FCuCud4vfJUtyujKTStM0f9FjSzd6qRH4,2021-06-09 13:10:46
slyywise,1623186460.0,nveiw2,8.0,1.0,roma,"Questo ponte si vede nel film ""Maschile singolare"", vorrei andarci ma non so dove sia, qualcuno saprebbe dirmi dove si trova? Grazie!",1.0,https://i.redd.it/1v4rp7q6x3471.jpg,2021-06-09 05:07:40
Huge_Celebration4891,1623154804.0,nv2rkt,0.0,1.0,roma,Hello everyone! I am a Belgian student who is going to Rome next year to do a master's degree (Luiss university)! Would anyone from abroad or from Italy do the same by chance? I need comfort about my future life choice and need to know if I made the right choice üòÖ,1.0,https://www.reddit.com/r/roma/comments/nv2rkt/hello_everyone_i_am_a_belgian_student_who_is/,2021-06-08 20:20:04
thesrniths,1623080368.0,nufk2j,8.0,1.0,roma,Palestre a Roma,1.0,https://www.reddit.com/r/roma/comments/nufk2j/palestre_a_roma/,2021-06-07 23:39:28
riccardocx,1622980158.0,ntk0po,12.0,1.0,roma,L'idea che muove Roma,1.0,https://www.reddit.com/r/roma/comments/ntk0po/lidea_che_muove_roma/,2021-06-06 19:49:18
Jasper_Rose_808,1622927016.0,nt5c0r,46.0,1.0,roma,Rome is the most fucked up city in Europe,1.0,https://www.reddit.com/r/roma/comments/nt5c0r/rome_is_the_most_fucked_up_city_in_europe/,2021-06-06 05:03:36
ConsiderationDue6143,1622921249.0,nt3cef,0.0,1.0,roma,musica,1.0,https://youtu.be/TnvuhiJxzVQ,2021-06-06 03:27:29
AdWilling6938,1622850014.0,nsimss,0.0,1.0,roma,"‚ùåNO TIRES ‚ùåtus viejas HERRAMIENTAS, RESTAURACION Y REPARACION DE UN SARGENTO//RESTORATION TOOL",1.0,https://youtu.be/5vYh4AtwgMQ,2021-06-05 07:40:14
mariosky99,1622849443.0,nsigh0,20.0,1.0,roma,GRA,1.0,https://www.reddit.com/r/roma/comments/nsigh0/gra/,2021-06-05 07:30:43
Different_Scale4842,1622728780.0,nre6iv,3.0,1.0,roma,Istituto pantheon,1.0,https://www.reddit.com/r/roma/comments/nre6iv/istituto_pantheon/,2021-06-03 21:59:40
Kamer_records,1622723541.0,nrcdfa,0.0,1.0,roma,"A beautiful girl is walking down the street, she comes to me and sais: ""Would you go to bed with me?""",1.0,https://youtu.be/ymW7YPkyPG8,2021-06-03 20:32:21
iOSIRIX-REx,1622714835.0,nr9v80,99.0,1.0,roma,Muoversi a Roma con i mezzi √® un inferno o √® fattibile?,1.0,https://www.reddit.com/r/roma/comments/nr9v80/muoversi_a_roma_con_i_mezzi_√®_un_inferno_o_√®/,2021-06-03 18:07:15
larkk259,1627656779.0,oum4db,0.0,1.0,roma,Studio globale su scelte di tipo finanziario: aiutaci a raccogliere dati sull'Italia! (Columbia University),1.0,https://www.reddit.com/r/roma/comments/oum4db/studio_globale_su_scelte_di_tipo_finanziario/,2021-07-30 22:52:59
grozdanov3k,1627586392.0,ou49k7,9.0,1.0,roma,12:45.,1.0,https://i.redd.it/vsd7ix4gc7e71.jpg,2021-07-30 03:19:52
httpyannis,1627564102.0,otx5qs,28.0,1.0,roma,Teenagers visiting Rome,1.0,https://www.reddit.com/r/roma/comments/otx5qs/teenagers_visiting_rome/,2021-07-29 21:08:22
FearlessTravels,1627540817.0,ots65u,2.0,1.0,roma,Where to buy bulk self/auto rapid tests?,1.0,https://www.reddit.com/r/roma/comments/ots65u/where_to_buy_bulk_selfauto_rapid_tests/,2021-07-29 14:40:17
darkyshit,1627487020.0,otciqw,4.0,1.0,roma,sapete se ci sono delle promozioni per hydromania?,1.0,https://www.reddit.com/r/roma/comments/otciqw/sapete_se_ci_sono_delle_promozioni_per_hydromania/,2021-07-28 23:43:40
sonofhondo,1627303550.0,orxynx,2.0,1.0,roma,Our tour company cancelled on us‚Äîany advice on where we might book an Ancient Rome sightseeing tour last minute?,1.0,https://www.reddit.com/r/roma/comments/orxynx/our_tour_company_cancelled_on_usany_advice_on/,2021-07-26 20:45:50
throwawaygal1992,1627301322.0,orxdcm,2.0,1.0,roma,Where can I find fake stick-on tattoo? Tatuaggi finti,1.0,https://www.reddit.com/r/roma/comments/orxdcm/where_can_i_find_fake_stickon_tattoo_tatuaggi/,2021-07-26 20:08:42
clyus22,1627210700.0,or9j5k,0.0,1.0,roma,post riferito a studenti di scienze politiche e relazioni internazionali alla sapienza:,1.0,https://www.reddit.com/r/roma/comments/or9j5k/post_riferito_a_studenti_di_scienze_politiche_e/,2021-07-25 18:58:20
acci0watson,1626900965.0,ooyu9d,7.0,1.0,roma,esistono dei gruppi (magari roma centro) dove ci s'incontra per un po' di running (no atleti)? ‚ú®,1.0,https://www.reddit.com/r/roma/comments/ooyu9d/esistono_dei_gruppi_magari_roma_centro_dove_ci/,2021-07-22 04:56:05
Prospekt117,1626864845.0,oonht5,11.0,1.0,roma,Canadian in Rome seeking International and Italian friends,1.0,https://www.reddit.com/r/roma/comments/oonht5/canadian_in_rome_seeking_international_and/,2021-07-21 18:54:05
throwawaygal1992,1626851559.0,ookxgj,3.0,1.0,roma,Does anyone know of a place hiring English teachers or tutors?,1.0,https://www.reddit.com/r/roma/comments/ookxgj/does_anyone_know_of_a_place_hiring_english/,2021-07-21 15:12:39
poliopolis,1626764087.0,onwuvh,14.0,1.0,roma,Interesting plans for a couple of days,1.0,https://www.reddit.com/r/roma/comments/onwuvh/interesting_plans_for_a_couple_of_days/,2021-07-20 14:54:47
Prestigious_Tennis,1626653683.0,on2sw5,7.0,1.0,roma,Comprare casa a Roma,1.0,https://www.reddit.com/r/roma/comments/on2sw5/comprare_casa_a_roma/,2021-07-19 08:14:43
Kamer_records,1626640279.0,omypgg,0.0,1.0,roma,Fille Argent et Amour,1.0,https://youtu.be/6IgCsUfMKxE,2021-07-19 04:31:19
throwawaygal1992,1626618238.0,omrgkd,11.0,1.0,roma,I have Public health insurance how do I get seen my a doctor?,1.0,https://www.reddit.com/r/roma/comments/omrgkd/i_have_public_health_insurance_how_do_i_get_seen/,2021-07-18 22:23:58
fcombs,1626605449.0,omobhn,1.0,1.0,roma,Regalo 3 biglietti concerto Huun Huur Tu del 19/07,1.0,https://www.reddit.com/r/roma/comments/omobhn/regalo_3_biglietti_concerto_huun_huur_tu_del_1907/,2021-07-18 18:50:49
zutonino,1626524822.0,om3ada,10.0,1.0,roma,Aiuto Binari Stazioni TERMINI,1.0,https://www.reddit.com/r/roma/comments/om3ada/aiuto_binari_stazioni_termini/,2021-07-17 20:27:02
throwawaygal1992,1626460980.0,oln6g2,14.0,1.0,roma,Where can I go get a fake spray tan?,1.0,https://www.reddit.com/r/roma/comments/oln6g2/where_can_i_go_get_a_fake_spray_tan/,2021-07-17 02:43:00
astronauts_dev,1626452846.0,olkcnt,0.0,1.0,roma,Nuove posizioni lavorative di Trenitalia,1.0,https://lavoraitalia.com/nuove-posizioni-lavorative-di-trenitalia/,2021-07-17 00:27:26
Complaint_Equivalent,1626176047.0,ojdphi,8.0,1.0,roma,Cerco amicizie a Roma,1.0,https://www.reddit.com/r/roma/comments/ojdphi/cerco_amicizie_a_roma/,2021-07-13 19:34:07
No_Distribution4306,1626171583.0,ojcozj,0.0,1.0,roma,THIS IS JOSE,1.0,https://youtu.be/FKy_NE92Y5g,2021-07-13 18:19:43
K92DON,1626168420.0,ojc0kf,0.0,1.0,roma,Italy - Chiellini &amp; Bonucci - Euros 2021 Final by DonsEye,1.0,https://www.redbubble.com/shop/ap/82491055,2021-07-13 17:27:00
Ayoub323,1626118578.0,oiymc0,3.0,1.0,roma,Where is the Italian football team parade right now in Roma??üôè,1.0,https://www.reddit.com/r/roma/comments/oiymc0/where_is_the_italian_football_team_parade_right/,2021-07-13 03:36:18
izey17,1626104841.0,oityt6,1.0,1.0,roma,Football team arrival in Rome,1.0,https://www.reddit.com/r/roma/comments/oityt6/football_team_arrival_in_rome/,2021-07-12 23:47:21
claytoniix,1626091496.0,oipvqv,3.0,1.0,roma,Question about COVID-19 restrictions,1.0,https://www.reddit.com/r/roma/comments/oipvqv/question_about_covid19_restrictions/,2021-07-12 20:04:56
Franc3sc0-,1626081788.0,oinrhj,4.0,1.0,roma,Fal√≤ in spiaggia,1.0,https://www.reddit.com/r/roma/comments/oinrhj/fal√≤_in_spiaggia/,2021-07-12 17:23:08
BITR6S,1626056051.0,oihwal,5.0,1.0,roma,Festeggiamento della vittoria degli Azzurri a Roma,0.99,https://www.reddit.com/gallery/oihwal,2021-07-12 10:14:11
OrEliyahu,1626045528.0,oif0yt,3.0,1.0,roma,My football scarves collection,1.0,https://www.reddit.com/r/roma/comments/oif0yt/my_football_scarves_collection/,2021-07-12 07:18:48
CREEPLICKIta,1625962301.0,ohu1wk,2.0,1.0,roma,Tour d'acilia,1.0,https://www.reddit.com/r/roma/comments/ohu1wk/tour_dacilia/,2021-07-11 08:11:41
novadako,1625957951.0,ohsurr,7.0,1.0,roma,Conoscere gente nuova,1.0,https://www.reddit.com/r/roma/comments/ohsurr/conoscere_gente_nuova/,2021-07-11 06:59:11
Ayoub323,1625957678.0,ohss4u,4.0,1.0,roma,We didn‚Äôt get a reservation ticket for Piazza del Popolo to watch the EURO 2020 final. What to do now?,1.0,https://www.reddit.com/r/roma/comments/ohss4u/we_didnt_get_a_reservation_ticket_for_piazza_del/,2021-07-11 06:54:38
ddeng22,1625857897.0,oh2ged,4.0,1.0,roma,Bars/nightclubs,1.0,https://www.reddit.com/r/roma/comments/oh2ged/barsnightclubs/,2021-07-10 03:11:37
Necronomicon32,1625814697.0,ogqcxk,5.0,1.0,roma,I want to pull a prank on my gf,1.0,https://www.reddit.com/r/roma/comments/ogqcxk/i_want_to_pull_a_prank_on_my_gf/,2021-07-09 15:11:37
Lanky-Bear-8035,1625701678.0,ofv7bw,2.0,1.0,roma,Techno in Roma,1.0,https://www.reddit.com/r/roma/comments/ofv7bw/techno_in_roma/,2021-07-08 07:47:58
felmo,1625608688.0,of53hk,26.0,1.0,roma,I am a tourist and need your advice on where to watch the Italy final on Sunday,1.0,https://www.reddit.com/r/roma/comments/of53hk/i_am_a_tourist_and_need_your_advice_on_where_to/,2021-07-07 05:58:08
gianp8k,1625565337.0,oertki,0.0,1.0,roma,Libri Scolastici 2021/2022 per tutte le classi e in offerta su Amazon: guida all'acquisto,1.0,https://www.notizieoggi24.it/2021/07/06/libri-scolastici-2021-2022-classi-guida/,2021-07-06 17:55:37
DiscussionReader,1625496664.0,oe8y4g,4.0,1.0,roma,"Roma, vola gi√π dal settimo piano: muore ragazzo di 24 anni. Tragedia a Casal Bertone",1.0,https://www.iltempo.it/roma-capitale/2021/06/30/news/roma-vola-giu-dal-settimo-piano-muore-ragazzo-di-24-anni-a-casal-bertone-27790561/,2021-07-05 22:51:04
copareeeee,1625466355.0,oe1b9r,13.0,1.0,roma,Conoscete un posto dove gli amanti di anime e manga si incontrano a Roma?,1.0,https://www.reddit.com/r/roma/comments/oe1b9r/conoscete_un_posto_dove_gli_amanti_di_anime_e/,2021-07-05 14:25:55
Cringyvinj,1625338527.0,od41hv,0.0,1.0,roma,Leonardo Spinazzola - All 11 Goals and Assists 2020/21,1.0,https://youtu.be/3DPN_k4IcpA,2021-07-04 02:55:27
Franc3sc0-,1625215513.0,oc61xt,4.0,1.0,roma,Prove di guida,1.0,https://www.reddit.com/r/roma/comments/oc61xt/prove_di_guida/,2021-07-02 16:45:13
moose2521,1625168158.0,obtdji,2.0,1.0,roma,Roma termini,1.0,https://www.reddit.com/r/roma/comments/obtdji/roma_termini/,2021-07-02 03:35:58
Eul3_is_back,1625160727.0,obqsaa,14.0,1.0,roma,Good restaurants around Termini,1.0,https://www.reddit.com/r/roma/comments/obqsaa/good_restaurants_around_termini/,2021-07-02 01:32:07
Franc3sc0-,1625157036.0,obphms,6.0,1.0,roma,Manutenzione verde infernetto,1.0,https://www.reddit.com/r/roma/comments/obphms/manutenzione_verde_infernetto/,2021-07-02 00:30:36
Valentino7171,1625152249.0,obnugs,2.0,1.0,roma,Esperienze noleggio lungo termine con parcheggio per strada,1.0,https://www.reddit.com/r/roma/comments/obnugs/esperienze_noleggio_lungo_termine_con_parcheggio/,2021-07-01 23:10:49
SaltResponsibility84,1625136021.0,obj4ib,2.0,1.0,roma,Una foto della mia visita al foro romano poco prima della pandemia.,1.0,https://i.redd.it/86br12p8yk871.jpg,2021-07-01 18:40:21
il_forestiero,1625124445.0,obgliw,6.0,1.0,roma,Quanto rischio per un fal√≥ al mare?,1.0,https://www.reddit.com/r/roma/comments/obgliw/quanto_rischio_per_un_fal√≥_al_mare/,2021-07-01 15:27:25
AdAffectionate8846,1625076313.0,ob2vis,7.0,1.0,roma,Oggetti smarriti sotto la metro di Roma!,1.0,https://www.reddit.com/r/roma/comments/ob2vis/oggetti_smarriti_sotto_la_metro_di_roma/,2021-07-01 02:05:13
7zurc,1630328534.0,pehn3r,14.0,1.0,roma,"Ciampino da Roma, Termini",1.0,https://www.reddit.com/r/roma/comments/pehn3r/ciampino_da_roma_termini/,2021-08-30 21:02:14
djordastic,1630263715.0,pe1e9y,11.0,1.0,roma,Local restaurants recommendations,1.0,https://www.reddit.com/r/roma/comments/pe1e9y/local_restaurants_recommendations/,2021-08-30 03:01:55
Quirky_Requirement46,1630262544.0,pe10r6,0.0,1.0,roma,ma la linea autobus 021 funziona?,1.0,https://www.reddit.com/r/roma/comments/pe10r6/ma_la_linea_autobus_021_funziona/,2021-08-30 02:42:24
Resident-Ad3862,1630194290.0,pdkk4w,4.0,1.0,roma,Cercasi wingman per Roma centro :),0.99,https://www.reddit.com/r/roma/comments/pdkk4w/cercasi_wingman_per_roma_centro/,2021-08-29 07:44:50
UnhappyPersonality_,1630084532.0,pcrojo,2.0,1.0,roma,What would you recommend to a university student to do in Rome?,1.0,https://www.reddit.com/r/roma/comments/pcrojo/what_would_you_recommend_to_a_university_student/,2021-08-28 01:15:32
pookie_wookie,1630077551.0,pcpeld,0.0,1.0,roma,Cheap extension cords City centre,1.0,https://www.reddit.com/r/roma/comments/pcpeld/cheap_extension_cords_city_centre/,2021-08-27 23:19:11
ImDefinitelyClueless,1630076758.0,pcp5o1,12.0,1.0,roma,Best way to transfer from Fiumincino to Ciampino in the middle of the night?,1.0,https://www.reddit.com/r/roma/comments/pcp5o1/best_way_to_transfer_from_fiumincino_to_ciampino/,2021-08-27 23:05:58
CaryGooper,1630003296.0,pc5p68,2.0,1.0,roma,Event at Castel Sant'Angelo on Saturday 21 : what was it ?,1.0,https://www.reddit.com/r/roma/comments/pc5p68/event_at_castel_santangelo_on_saturday_21_what/,2021-08-27 02:41:36
Vombatt,1629995340.0,pc31e7,5.0,1.0,roma,Any football shirt shops in Roma?,1.0,https://www.reddit.com/r/roma/comments/pc31e7/any_football_shirt_shops_in_roma/,2021-08-27 00:29:00
Tanzo42,1629883945.0,pb7s6s,4.0,1.0,roma,Qualcuno conosce luoghi dove provare Warhammer?,1.0,https://www.reddit.com/r/roma/comments/pb7s6s/qualcuno_conosce_luoghi_dove_provare_warhammer/,2021-08-25 17:32:25
Robiola90,1629880827.0,pb76g0,10.0,1.0,roma,Roma √® una bellissima citt√†,1.0,https://www.reddit.com/r/roma/comments/pb76g0/roma_√®_una_bellissima_citt√†/,2021-08-25 16:40:27
Big_Cry_3790,1629878717.0,pb6rwn,0.0,1.0,roma,Staying in Rome for 5 days :),1.0,https://www.reddit.com/r/roma/comments/pb6rwn/staying_in_rome_for_5_days/,2021-08-25 16:05:17
AxelCoachings27,1629850062.0,pazp4f,2.0,1.0,roma,Does anyone know from where I can purchase something similar to these?,1.0,https://www.reddit.com/gallery/pazp4f,2021-08-25 08:07:42
AxelCoachings27,1629849579.0,pazjn3,3.0,1.0,roma,Are there any similar pretzels in Rome like this? I can‚Äôt find anything. Would love to know if they make this!,1.0,https://www.reddit.com/gallery/pazjn3,2021-08-25 07:59:39
asimik,1629796047.0,pajms6,4.0,1.0,roma,Un sondaggio su moralit√† per uno studente di Milano-Bicocca,1.0,https://www.reddit.com/r/roma/comments/pajms6/un_sondaggio_su_moralit√†_per_uno_studente_di/,2021-08-24 17:07:27
Conleys,1629762118.0,pabpbs,0.0,1.0,roma,Aiutami per favore,0.99,https://www.reddit.com/r/roma/comments/pabpbs/aiutami_per_favore/,2021-08-24 07:41:58
PrestonWebster543,1629741820.0,pa5acz,2.0,1.0,roma,roma,1.0,https://www.reddit.com/gallery/pa5acz,2021-08-24 02:03:40
Appropriate-Sand-781,1629726572.0,pa07jr,0.0,1.0,roma,Roma are going to enjoy a lot of passive support from Chelsea fans this season because of Tammy and Jose. Tammy is going to learn from the special one himself. Wish them both good luck in the season.,1.0,https://i.redd.it/8shrnfxa44j71.jpg,2021-08-23 21:49:32
icallgreens710,1629658017.0,p9iauw,0.0,1.0,roma,Cerco Maria,1.0,https://www.reddit.com/r/roma/comments/p9iauw/cerco_maria/,2021-08-23 02:46:57
willieseyi,1629655212.0,p9hde2,0.0,1.0,roma,AS Roma vs Fiorentina LIVE STREAM,1.0,https://netsentertainment.net/as-roma-vs-fiorentina-live-stream/,2021-08-23 02:00:12
DirtyRimjobDad,1629631823.0,p9av00,4.0,1.0,roma,3 days in Roma,1.0,https://www.reddit.com/r/roma/comments/p9av00/3_days_in_roma/,2021-08-22 19:30:23
UnhappyPersonality_,1629630310.0,p9akik,2.0,1.0,roma,3 days in Roma,1.0,https://www.reddit.com/r/roma/comments/p9akik/3_days_in_roma/,2021-08-22 19:05:10
icallgreens710,1629605431.0,p95saj,3.0,1.0,roma,Cerco Maria,1.0,https://www.reddit.com/r/roma/comments/p95saj/cerco_maria/,2021-08-22 12:10:31
GusFring420,1629572285.0,p8x4t0,3.0,1.0,roma,Ciao tutti! Dove posso fare un Covid Test a Roma? Devo ritornare a Olanda Luned√¨. Grazie,1.0,https://www.reddit.com/r/roma/comments/p8x4t0/ciao_tutti_dove_posso_fare_un_covid_test_a_roma/,2021-08-22 02:58:05
PieStatus169,1629554028.0,p8rup7,14.0,4.0,roma,Dove escono i ragazzi?,0.7,https://www.reddit.com/r/roma/comments/p8rup7/dove_escono_i_ragazzi/,2021-08-21 21:53:48
glance1234,1629552026.0,p8rcas,10.0,0.0,roma,Qualcuno conosce posti a Roma che prendono libri?,0.42,https://www.reddit.com/r/roma/comments/p8rcas/qualcuno_conosce_posti_a_roma_che_prendono_libri/,2021-08-21 21:20:26
[deleted],1629551051.0,p8r3g9,0.0,0.0,roma,Devo vendere/donare una quantit√† considerevole (svariate centinaia) di libri di tutti i generi. Qualcuno conosci posti che ne prendono?,0.5,https://www.reddit.com/r/roma/comments/p8r3g9/devo_venderedonare_una_quantit√†_considerevole/,2021-08-21 21:04:11
PieStatus169,1629526960.0,p8mg1h,16.0,2.0,roma,Cosa fare,0.75,https://www.reddit.com/r/roma/comments/p8mg1h/cosa_fare/,2021-08-21 14:22:40
Striking-Wish7401,1629464769.0,p84t00,7.0,2.0,roma,To the beach from the airport,0.75,https://www.reddit.com/r/roma/comments/p84t00/to_the_beach_from_the_airport/,2021-08-20 21:06:09
PieStatus169,1629464146.0,p84mp9,26.0,3.0,roma,Porta portese,0.67,https://www.reddit.com/r/roma/comments/p84mp9/porta_portese/,2021-08-20 20:55:46
lauracaterina,1629464047.0,p84ls3,0.0,0.0,roma,Arctic fox hair dye,0.25,https://www.reddit.com/r/roma/comments/p84ls3/arctic_fox_hair_dye/,2021-08-20 20:54:07
gibo394,1629394301.0,p7jigh,0.0,1.0,roma,Gattini abbandonati cercano urgentemente casa! Per ulteriori informazioni scrivetemi in privato. (Grazie ai mod per l'opportunit√†!),1.0,https://www.reddit.com/gallery/p7jigh,2021-08-20 01:31:41
persimmonfromhell,1629389737.0,p7i00b,5.0,1.0,roma,FREE TICKET TO ROMA V FIORENTINA MATCH,1.0,https://www.reddit.com/r/roma/comments/p7i00b/free_ticket_to_roma_v_fiorentina_match/,2021-08-20 00:15:37
fred1266,1629235396.0,p6cvut,2.0,1.0,roma,Tammy Abraham Interview,1.0,https://youtube.com/watch?v=Xf607w652YY&amp;feature=share,2021-08-18 05:23:16
Lydiaa666,1629159847.0,p5st3s,8.0,1.0,roma,Visiting Roma,1.0,https://www.reddit.com/r/roma/comments/p5st3s/visiting_roma/,2021-08-17 08:24:07
therunnergma,1629127645.0,p5ic4x,1.0,1.0,roma,Hi all! Coming to Rome for several months and wanted to know if there are any soccer rec leagues in the city? Or organized pick up games?,1.0,https://www.reddit.com/r/roma/comments/p5ic4x/hi_all_coming_to_rome_for_several_months_and/,2021-08-16 23:27:25
Dresdenlive,1629126614.0,p5hzjn,0.0,1.0,roma,Scouting Report: MATIAS VI√ëA of Roma,1.0,https://youtu.be/kwLlYJVVVoo,2021-08-16 23:10:14
Not-A-Chinchilla,1629103754.0,p5c6jo,2.0,1.0,roma,Opportunit√† per migliorare il proprio inglese parlato,1.0,https://www.reddit.com/r/roma/comments/p5c6jo/opportunit√†_per_migliorare_il_proprio_inglese/,2021-08-16 16:49:14
GibsonMaestro,1629083460.0,p57swo,4.0,1.0,roma,Hi. I'm trying to do research for my boss and was wondering if anyone could help me find some Covid statistics?,1.0,https://www.reddit.com/r/roma/comments/p57swo/hi_im_trying_to_do_research_for_my_boss_and_was/,2021-08-16 11:11:00
steffoitaly,1629028998.0,p4s6ww,2.0,1.0,roma,Where to celebrate Ferragosto?,1.0,https://www.reddit.com/r/roma/comments/p4s6ww/where_to_celebrate_ferragosto/,2021-08-15 20:03:18
Eraxxy,1628955071.0,p4a4lq,9.0,1.0,roma,"Hello, I'm looking for a good restaurant around my hotel near Piazza Novana, but I don't want to end-up in a touristic restaurant with low quality food (I'm not looking for an extremely expensive restaurant neither, just a regular one)! Thanks.",1.0,https://www.reddit.com/r/roma/comments/p4a4lq/hello_im_looking_for_a_good_restaurant_around_my/,2021-08-14 23:31:11
BTEItalia,1628951492.0,p4928n,6.0,1.0,roma,"Stiamo costruendo l'Italia in scala 1:1 su Minecraft! Al momento cerchiamo costruttori, entra nel nostro discord per pi√π informazioni (Link nella bio del nostro instagram BTEitalia ). Questo √® il Colosseo costruito dai nostri Builder.",1.0,https://i.redd.it/ty3dznvi3ch71.png,2021-08-14 22:31:32
Bastacchio,1628943930.0,p47351,4.0,1.0,roma,"Ristoranti da consigliare, di varie cucine e di ottima qualit√†",1.0,https://www.reddit.com/r/roma/comments/p47351/ristoranti_da_consigliare_di_varie_cucine_e_di/,2021-08-14 20:25:30
Pixusman,1628874663.0,p3pimc,4.0,1.0,roma,Annuncio importante,1.0,https://www.reddit.com/r/roma/comments/p3pimc/annuncio_importante/,2021-08-14 01:11:03
tommyrugby,1628870217.0,p3nvp9,5.0,1.0,roma,La Levain - per chi √® in cerca di una buona pasticceria francese,1.0,https://www.reddit.com/gallery/p3nvp9,2021-08-13 23:56:57
Glittering-Win7631,1628765405.0,p2xcz0,1.0,1.0,roma,Roma,1.0,https://i.redd.it/enykh7a9qwg71.jpg,2021-08-12 18:50:05
ohiopolicedepartment,1628625699.0,p1x1cf,4.0,1.0,roma,One Dose of Vaccine as a Foreigner Valid?,1.0,https://www.reddit.com/r/roma/comments/p1x1cf/one_dose_of_vaccine_as_a_foreigner_valid/,2021-08-11 04:01:39
Frequent-Switch-6167,1628615371.0,p1tl4a,9.0,1.0,roma,Where in rome can in find a cool bar with good music?,1.0,https://www.reddit.com/r/roma/comments/p1tl4a/where_in_rome_can_in_find_a_cool_bar_with_good/,2021-08-11 01:09:31
fouere1,1628585633.0,p1ldof,9.0,1.0,roma,Where is the mozzarella ?,1.0,https://www.reddit.com/r/roma/comments/p1ldof/where_is_the_mozzarella/,2021-08-10 16:53:53
esmussein_,1628511174.0,p108fq,5.0,1.0,roma,Scuole di Canottaggio a Roma,1.0,https://www.reddit.com/r/roma/comments/p108fq/scuole_di_canottaggio_a_roma/,2021-08-09 20:12:54
Floor-Proof,1628502004.0,p0y6mq,0.0,1.0,roma,"Via del Mandrione, partono i lavori nella strada chiusa da tre anni",1.0,https://www.romatoday.it/zone/sangiovanni/arco-di-travertino/via-mandrione-lavori-riapertura.html,2021-08-09 17:40:04
Floor-Proof,1628498900.0,p0xk59,3.0,1.0,roma,"L'invasione dei monopattini a Roma: ""Centro assediato dalla sosta selvaggia""",1.0,https://roma.repubblica.it/cronaca/2021/08/09/news/roma_allarme_monopattini_la_sosta_resta_selvaggia-313431046/,2021-08-09 16:48:20
Floor-Proof,1628498821.0,p0xjlr,0.0,1.0,roma,"Tokyo 2020, effetto oro sulla Capitale: 31 medaglie dai centri sportivi di Roma",1.0,https://roma.repubblica.it/cronaca/2021/08/09/news/roma_tokio_effetto_oro_sulla_capitale-313432907/,2021-08-09 16:47:01
Floor-Proof,1628480702.0,p0tmhl,0.0,1.0,roma,"Verso il rientro a scuola, trasporti potenziati e ingressi scaglionati. Si valuta il sabato in classe",1.0,https://www.romatoday.it/attualita/rientro-a-scuola-ingressi-scaglionati-sabato-in-classe.html,2021-08-09 11:45:02
Floor-Proof,1628480196.0,p0ti0z,0.0,1.0,roma,Abramovic esquilina,1.0,https://www.ilfoglio.it/roma-capoccia/2021/08/07/news/abramovic-esquilina-2754668/,2021-08-09 11:36:36
Floor-Proof,1628479843.0,p0tera,0.0,1.0,roma,Moralina olimpica ad uso di una citt√É ferma e meravijosa,1.0,https://www.ilfoglio.it/societa/2021/08/08/news/moralina-olimpica-ad-uso-di-una-citta-ferma-e-meravijosa-2762737/,2021-08-09 11:30:43
Ray-Marcher,1628455660.0,p0mnb9,2.0,1.0,roma,Usare il certificato di vaccinazione scozzese come Certificato Verde?,1.0,https://www.reddit.com/r/roma/comments/p0mnb9/usare_il_certificato_di_vaccinazione_scozzese/,2021-08-09 04:47:40
toxgas,1628454439.0,p0m9du,1.0,1.0,roma,"Godzilla , Arrivato a ROMA",1.0,https://i.redd.it/pyewz33k17g71.jpg,2021-08-09 04:27:19
Floor-Proof,1628431933.0,p0fck6,0.0,1.0,roma,"Wrestling in the remains of the Basilica of Maxentius and Constantine at the 1960 Summer Olympics Games. Rome, Italy, 1960 [679 x 981]",1.0,https://i.redd.it/rwemzz8wy4g71.jpg,2021-08-08 22:12:13
Floor-Proof,1628428650.0,p0ehcp,0.0,1.0,roma,gi√†,1.0,/r/news_italia/comments/p0egpj/gi√†/,2021-08-08 21:17:30
Floor-Proof,1628416417.0,p0bx81,1.0,1.0,roma,Dall‚ÄôAppia Antica ai Castelli: la Regione approva la creazione del corridoio verde,1.0,https://www.romatoday.it/zone/castelli/parco-castelli-romani-parco-appia-antica-approvato-ampliamento.html,2021-08-08 17:53:37
Floor-Proof,1628416317.0,p0bwl7,0.0,1.0,roma,"Emergenza cinghiali, niente cacciatori nelle riserve di RomaNatura: ‚ÄúPuntiamo su gabbie e recinti‚Äù",1.0,https://www.romatoday.it/politica/emergenza-cinghiali-abbattimenti-regione-coldiretti-romanatura.html,2021-08-08 17:51:57
Floor-Proof,1628416065.0,p0bv1i,0.0,1.0,roma,Arriva il vigile di quartiere: a met√É tra un barista e un terapeuta,1.0,https://www.ilfoglio.it/roma-capoccia/2021/08/07/news/arriva-il-vigile-di-quartiere-a-meta-tra-un-barista-e-un-terapeuta-2754665/,2021-08-08 17:47:45
Floor-Proof,1628415987.0,p0bujo,0.0,1.0,roma,La battaglia di Albano contro Roma: √¢¬Ä¬úNon siamo una discarica√¢¬Ä¬ù,1.0,https://www.ilfoglio.it/roma-capoccia/2021/08/07/news/la-battaglia-di-albano-contro-roma-non-siamo-una-discarica--2754659/,2021-08-08 17:46:27
Floor-Proof,1628415562.0,p0brs5,0.0,1.0,roma,"Roma ko 5-2 con il Betis: Shomurodov in gol, espulsi Mourinho e tre giocatori",1.0,https://www.repubblica.it/sport/calcio/serie-a/roma/2021/08/08/news/amichevole_betis_espulso_mourinho_e_tre_giocatori-313334898/?ref=RHBT-VS-I286350292-P1-S2-T1,2021-08-08 17:39:22
ceskobara,1628411676.0,p0b24q,9.0,1.0,roma,Come muoversi a Roma,1.0,https://www.reddit.com/r/roma/comments/p0b24q/come_muoversi_a_roma/,2021-08-08 16:34:36
grozdanov3k,1628368941.0,p00z9t,1.0,1.0,roma,14:10.,1.0,https://www.reddit.com/gallery/p00z9t,2021-08-08 04:42:21
AkT4RuS,1628360578.0,ozyhrm,0.0,1.0,roma,Tatuaggi in Polizia due pesi e due misure? * La battagia di Arianna,1.0,https://www.ircwebnet.com/2021/08/07/tatuaggi-in-polizia-due-pesi-e-due-misure/,2021-08-08 02:22:58
italiano20s,1628353162.0,ozw8vq,0.0,1.0,roma,Le Fettuccine Alfredo sono il vero primo piatto di pasta italiano - ma in che senso? üòÖ,1.0,https://www.vice.com/it/article/4avv9n/storia-della-pasta-fettuccine-alfredo,2021-08-08 00:19:22
Floor-Proof,1628348746.0,ozuwwz,0.0,1.0,roma,Da dove viene la pinsa romana - Il Post,1.0,https://www.ilpost.it/2021/08/06/pinsa-romana/,2021-08-07 23:05:46
Floor-Proof,1628347876.0,ozunkk,0.0,1.0,roma,zinga,1.0,/r/news_italia/comments/ozun8g/zinga/,2021-08-07 22:51:16
Floor-Proof,1628340540.0,ozsneb,2.0,1.0,roma,"Rifiuti, allarme Ama: rischio caos a settembre. Luned√É¬¨ riunione in prefettura",1.0,https://roma.repubblica.it/cronaca/2021/08/07/news/rifiuti_allarme_ama_rischio_caos_a_settembre_lunedi_riunione_in_prefettura-313280512/,2021-08-07 20:49:00
Floor-Proof,1628340342.0,ozsljh,0.0,1.0,roma,"Campidoglio, presentata offerta d'acquisto per ex rimessa Atac - Lazio",1.0,https://www.ansa.it/lazio/notizie/2021/08/06/campidoglio-presentata-offerta-dacquisto-per-ex-rimessa-atac_56029bce-64c1-4cfd-bc97-5674d6b69046.html,2021-08-07 20:45:42
Livstaaah,1628271470.0,ozbjds,1.0,1.0,roma,Romics Ottobre 2021,1.0,https://www.reddit.com/r/roma/comments/ozbjds/romics_ottobre_2021/,2021-08-07 01:37:50
Floor-Proof,1628184163.0,oyn6hn,0.0,1.0,roma,"Covid: D'Amato, continua frenata variante Delta nel Lazio - Lazio",1.0,https://www.ansa.it/lazio/notizie/2021/08/05/covid-damato-continua-frenata-variante-delta-nel-lazio_6d15c1be-ef9a-4358-a73f-b2871d1a5ae2.html,2021-08-06 01:22:43
Floor-Proof,1628183822.0,oyn27r,0.0,1.0,roma,"Attacco Hacker al Lazio, Zingaretti: 'Ripartito sito prenotazione vaccini' - Cronaca",1.0,https://www.ansa.it/sito/notizie/cronaca/2021/08/05/zingaretti-ripartito-sito-prenotazione-vaccini_f896f4d5-5c9a-42c8-bfcd-94160f63fa21.html,2021-08-06 01:17:02
Floor-Proof,1628183727.0,oyn12u,1.0,1.0,roma,Mims sblocca progetto stazione metro C di Piazza Venezia - Ultima Ora,1.0,https://www.ansa.it/sito/notizie/topnews/2021/08/05/mims-sblocca-progetto-stazione-metro-c-di-piazza-venezia_bbff7477-21b3-4f35-b282-ac55cb92bd4c.html,2021-08-06 01:15:27
Lemon9800,1628162291.0,oyfflf,23.0,1.0,roma,Attivit√† riguardanti il sesso a Roma,1.0,https://www.reddit.com/r/roma/comments/oyfflf/attivit√†_riguardanti_il_sesso_a_roma/,2021-08-05 19:18:11
grozdanov3k,1628103663.0,oxzq38,5.0,1.0,roma,11:50.,1.0,https://i.redd.it/f9nxov9k2ef71.jpg,2021-08-05 03:01:03
grozdanov3k,1628103570.0,oxzoq2,0.0,1.0,roma,11:50,1.0,https://i.redd.it/x59p7kba2ef71.jpg,2021-08-05 02:59:30
Floor-Proof,1628101483.0,oxyxjg,3.0,1.0,roma,ssn,1.0,https://www.reddit.com/r/roma/comments/oxyxjg/ssn/,2021-08-05 02:24:43
plitaway,1628095054.0,oxwksi,2.0,1.0,roma,Qualcuno di voi ha sentito parlare di questo progetto o √® solo fuffa?,1.0,https://www.dire.it/13-01-2021/593636-rivoluzione-tiburtina-ecco-come-la-zona-diventera-la-defense-di-roma/,2021-08-05 00:37:34
grozdanov3k,1628082252.0,oxs8yv,2.0,1.0,roma,Un minuto dal tempo di Roma - Foro Romano // Via dei Fori Imperiali,1.0,https://www.youtube.com/watch?v=BR9ojanZE7I,2021-08-04 21:04:12
pindarico,1628006892.0,ox6nkp,10.0,1.0,roma,Soluzione definitiva per il traffico di Roma,1.0,https://www.reddit.com/r/roma/comments/ox6nkp/soluzione_definitiva_per_il_traffico_di_roma/,2021-08-04 00:08:12
hageshihikari,1627975537.0,owycrj,22.0,1.0,roma,Romani: perch√© mezza Italia ci odia?,1.0,https://www.reddit.com/r/roma/comments/owycrj/romani_perch√©_mezza_italia_ci_odia/,2021-08-03 15:25:37
IFattiCapitali,1627924951.0,owj8lj,4.0,1.0,roma,"Desertificazione commerciale nella Capitale: vogliamo fare una mappatura delle realt√† imprenditoriali prevedendo sgravi e incentivi o dobbiamo abituarci ai cartelli di chiusura, vendesi e affittasi?",1.0,https://www.mariacapozza.it/2021/08/02/un-piano-per-contrastare-la-desertificazione-commerciale-nella-capitale/,2021-08-03 01:22:31
tilds,1627907875.0,owdmiu,2.0,1.0,roma,Vaccini in farmacia?,1.0,https://www.reddit.com/r/roma/comments/owdmiu/vaccini_in_farmacia/,2021-08-02 20:37:55
ParlaRicordo,1627903052.0,owcehn,38.0,1.0,roma,Fare amicizia a Roma - IRL!,1.0,https://www.reddit.com/r/roma/comments/owcehn/fare_amicizia_a_roma_irl/,2021-08-02 19:17:32
Defnot-Thatmain,1627751382.0,ovaxu4,18.0,1.0,roma,Posti dove bere a Roma?,1.0,https://www.reddit.com/r/roma/comments/ovaxu4/posti_dove_bere_a_roma/,2021-08-01 01:09:42
kangaroo4321,1627751064.0,ovaudy,0.0,1.0,roma,Roma vs Sevilla live,1.0,https://youtu.be/NTpHPYNVZQs,2021-08-01 01:04:24
